candidate_id,source_project,module,file,repo_url,commit_sha,branch,source_priority,primary_target_id,target_ids,operations,priorities,matched_keywords,max_match_score,validation_status,runtime_status
CAND-0001,basejump_stl,bsg_abs,bsg_misc/bsg_abs.sv,https://github.com/bespoke-silicon-group/basejump_stl.git,b48037e28544425839dbd617d45b1a82631bc1a9,master,A,FP-08,FP-08,sign_abs_classify,P1,abs,12,not_run,discovery_candidate
CAND-0002,basejump_stl,bsg_adder_cin,bsg_misc/bsg_adder_cin.sv,https://github.com/bespoke-silicon-group/basejump_stl.git,b48037e28544425839dbd617d45b1a82631bc1a9,master,A,INT-01,INT-01,add_sub,P0,adder,12,not_run,discovery_candidate
CAND-0003,basejump_stl,bsg_adder_one_hot,bsg_misc/bsg_adder_one_hot.sv,https://github.com/bespoke-silicon-group/basejump_stl.git,b48037e28544425839dbd617d45b1a82631bc1a9,master,A,INT-01,INT-01,add_sub,P0,adder,12,not_run,discovery_candidate
CAND-0004,basejump_stl,bsg_adder_ripple_carry,bsg_misc/bsg_adder_ripple_carry.sv,https://github.com/bespoke-silicon-group/basejump_stl.git,b48037e28544425839dbd617d45b1a82631bc1a9,master,A,INT-01,INT-01,add_sub,P0,adder,12,not_run,discovery_candidate
CAND-0005,basejump_stl,bsg_array_concentrate_static,bsg_misc/bsg_array_concentrate_static.sv,https://github.com/bespoke-silicon-group/basejump_stl.git,b48037e28544425839dbd617d45b1a82631bc1a9,master,A,CPU-12,CPU-12,register_rename_table,P1,rat,12,not_run,discovery_candidate
CAND-0006,basejump_stl,bsg_cam_1r1w,bsg_mem/bsg_cam_1r1w.sv,https://github.com/bespoke-silicon-group/basejump_stl.git,b48037e28544425839dbd617d45b1a82631bc1a9,master,A,MEM-11,MEM-11,cam_tag_cam,P1,cam,12,not_run,discovery_candidate
CAND-0007,basejump_stl,bsg_cam_1r1w_replacement,bsg_mem/bsg_cam_1r1w_replacement.sv,https://github.com/bespoke-silicon-group/basejump_stl.git,b48037e28544425839dbd617d45b1a82631bc1a9,master,A,MEM-11,MEM-11,cam_tag_cam,P1,cam,12,not_run,discovery_candidate
CAND-0008,basejump_stl,bsg_cam_1r1w_sync,bsg_mem/bsg_cam_1r1w_sync.sv,https://github.com/bespoke-silicon-group/basejump_stl.git,b48037e28544425839dbd617d45b1a82631bc1a9,master,A,MEM-11,MEM-11,cam_tag_cam,P1,cam,12,not_run,discovery_candidate
CAND-0009,basejump_stl,bsg_cam_1r1w_sync_unmanaged,bsg_mem/bsg_cam_1r1w_sync_unmanaged.sv,https://github.com/bespoke-silicon-group/basejump_stl.git,b48037e28544425839dbd617d45b1a82631bc1a9,master,A,MEM-11,MEM-11,cam_tag_cam,P1,cam,12,not_run,discovery_candidate
CAND-0010,basejump_stl,bsg_cam_1r1w_tag_array,bsg_mem/bsg_cam_1r1w_tag_array.sv,https://github.com/bespoke-silicon-group/basejump_stl.git,b48037e28544425839dbd617d45b1a82631bc1a9,master,A,MEM-11,MEM-11,cam_tag_cam,P1,cam,12,not_run,discovery_candidate
CAND-0011,basejump_stl,bsg_cam_1r1w_unmanaged,bsg_mem/bsg_cam_1r1w_unmanaged.sv,https://github.com/bespoke-silicon-group/basejump_stl.git,b48037e28544425839dbd617d45b1a82631bc1a9,master,A,MEM-11,MEM-11,cam_tag_cam,P1,cam,12,not_run,discovery_candidate
CAND-0012,basejump_stl,bsg_channel_narrow,bsg_dataflow/bsg_channel_narrow.sv,https://github.com/bespoke-silicon-group/basejump_stl.git,b48037e28544425839dbd617d45b1a82631bc1a9,master,A,VEC-05,VEC-05,pack_unpack_widen_narrow,P1,narrow,12,not_run,discovery_candidate
CAND-0013,basejump_stl,bsg_concentrate_static,bsg_misc/bsg_concentrate_static.sv,https://github.com/bespoke-silicon-group/basejump_stl.git,b48037e28544425839dbd617d45b1a82631bc1a9,master,A,CPU-12,CPU-12,register_rename_table,P1,rat,12,not_run,discovery_candidate
CAND-0014,basejump_stl,bsg_counter_clear_up_saturating,bsg_misc/bsg_counter_clear_up_saturating.sv,https://github.com/bespoke-silicon-group/basejump_stl.git,b48037e28544425839dbd617d45b1a82631bc1a9,master,A,CPU-12,CPU-12,register_rename_table,P1,rat,12,not_run,discovery_candidate
CAND-0015,basejump_stl,bsg_fifo_1r1w_narrowed,bsg_dataflow/bsg_fifo_1r1w_narrowed.sv,https://github.com/bespoke-silicon-group/basejump_stl.git,b48037e28544425839dbd617d45b1a82631bc1a9,master,A,VEC-05,VEC-05,pack_unpack_widen_narrow,P1,narrow,12,not_run,discovery_candidate
CAND-0016,basejump_stl,bsg_idiv_iterative,bsg_misc/bsg_idiv_iterative.sv,https://github.com/bespoke-silicon-group/basejump_stl.git,b48037e28544425839dbd617d45b1a82631bc1a9,master,A,CPU-12,CPU-12,register_rename_table,P1,rat,12,not_run,discovery_candidate
CAND-0017,basejump_stl,bsg_idiv_iterative_controller,bsg_misc/bsg_idiv_iterative_controller.sv,https://github.com/bespoke-silicon-group/basejump_stl.git,b48037e28544425839dbd617d45b1a82631bc1a9,master,A,CPU-12,CPU-12,register_rename_table,P1,rat,12,not_run,discovery_candidate
CAND-0018,basejump_stl,bsg_imul_iterative,bsg_misc/bsg_imul_iterative.sv,https://github.com/bespoke-silicon-group/basejump_stl.git,b48037e28544425839dbd617d45b1a82631bc1a9,master,A,CPU-12,CPU-12,register_rename_table,P1,rat,12,not_run,discovery_candidate
CAND-0019,basejump_stl,bsg_mux,bsg_misc/bsg_mux.sv,https://github.com/bespoke-silicon-group/basejump_stl.git,b48037e28544425839dbd617d45b1a82631bc1a9,master,A,DF-04,DF-04,mux,P0,mux,12,not_run,discovery_candidate
CAND-0020,basejump_stl,bsg_mux2_gatestack,bsg_misc/bsg_mux2_gatestack.sv,https://github.com/bespoke-silicon-group/basejump_stl.git,b48037e28544425839dbd617d45b1a82631bc1a9,master,A,DF-04,DF-04,mux,P0,mux,12,not_run,discovery_candidate
CAND-0021,basejump_stl,bsg_mux_bitwise,bsg_misc/bsg_mux_bitwise.sv,https://github.com/bespoke-silicon-group/basejump_stl.git,b48037e28544425839dbd617d45b1a82631bc1a9,master,A,DF-04,DF-04,mux,P0,mux,12,not_run,discovery_candidate
CAND-0022,basejump_stl,bsg_mux_butterfly,bsg_misc/bsg_mux_butterfly.sv,https://github.com/bespoke-silicon-group/basejump_stl.git,b48037e28544425839dbd617d45b1a82631bc1a9,master,A,DF-04,DF-04,mux,P0,mux,12,not_run,discovery_candidate
CAND-0023,basejump_stl,bsg_mux_one_hot,bsg_misc/bsg_mux_one_hot.sv,https://github.com/bespoke-silicon-group/basejump_stl.git,b48037e28544425839dbd617d45b1a82631bc1a9,master,A,DF-04,DF-04,mux,P0,mux,12,not_run,discovery_candidate
CAND-0024,basejump_stl,bsg_mux_segmented,bsg_misc/bsg_mux_segmented.sv,https://github.com/bespoke-silicon-group/basejump_stl.git,b48037e28544425839dbd617d45b1a82631bc1a9,master,A,DF-04,DF-04,mux,P0,mux,12,not_run,discovery_candidate
CAND-0025,basejump_stl,bsg_muxi2_gatestack,bsg_misc/bsg_muxi2_gatestack.sv,https://github.com/bespoke-silicon-group/basejump_stl.git,b48037e28544425839dbd617d45b1a82631bc1a9,master,A,DF-04,DF-04,mux,P0,mux,12,not_run,discovery_candidate
CAND-0026,basejump_stl,bsg_unconcentrate_static,bsg_misc/bsg_unconcentrate_static.sv,https://github.com/bespoke-silicon-group/basejump_stl.git,b48037e28544425839dbd617d45b1a82631bc1a9,master,A,CPU-12,CPU-12,register_rename_table,P1,rat,12,not_run,discovery_candidate
CAND-0027,blackparrot,bp_be_issue_queue,bp_be/src/v/bp_be_checker/bp_be_issue_queue.sv,https://github.com/black-parrot/black-parrot.git,f91010f654a5dfd00f83dbe25dbda482218d540b,master,B,CPU-09,CPU-09,issue_queue,P1,issue queue,12,not_run,discovery_candidate
CAND-0028,blackparrot,bp_be_pipe_fma,bp_be/src/v/bp_be_calculator/bp_be_pipe_fma.sv,https://github.com/black-parrot/black-parrot.git,f91010f654a5dfd00f83dbe25dbda482218d540b,master,B,FP-03,FP-03,fp_fma,P0,fma,12,not_run,discovery_candidate
CAND-0029,blackparrot,bp_be_ptw,bp_be/src/v/bp_be_calculator/bp_be_ptw.sv,https://github.com/black-parrot/black-parrot.git,f91010f654a5dfd00f83dbe25dbda482218d540b,master,B,CPU-19,CPU-19,page_table_walker,P1,ptw,12,not_run,discovery_candidate
CAND-0030,blackparrot,bp_cce_arbitrate,bp_me/src/v/cce/bp_cce_arbitrate.sv,https://github.com/black-parrot/black-parrot.git,f91010f654a5dfd00f83dbe25dbda482218d540b,master,B,CPU-12,CPU-12,register_rename_table,P1,rat,12,not_run,discovery_candidate
CAND-0031,blackparrot,bp_me_cache_controller,bp_me/src/v/dev/bp_me_cache_controller.sv,https://github.com/black-parrot/black-parrot.git,f91010f654a5dfd00f83dbe25dbda482218d540b,master,B,MEM-15,MEM-15,cache_controller,P0,cache controller,12,not_run,discovery_candidate
CAND-0032,blackparrot,bp_me_cache_slice,bp_me/src/v/dev/bp_me_cache_slice.sv,https://github.com/black-parrot/black-parrot.git,f91010f654a5dfd00f83dbe25dbda482218d540b,master,B,MEM-25,MEM-25,shared_l2_llc_slice,P1,cache slice,12,not_run,discovery_candidate
CAND-0033,blackparrot,bp_me_stream_gearbox,bp_me/src/v/network/bp_me_stream_gearbox.sv,https://github.com/black-parrot/black-parrot.git,f91010f654a5dfd00f83dbe25dbda482218d540b,master,B,DF-18,DF-18,gearbox_repacker,P1,gearbox,12,not_run,discovery_candidate
CAND-0034,blackparrot,bp_sacc_scratchpad,bp_top/src/v/bp_sacc_scratchpad.sv,https://github.com/black-parrot/black-parrot.git,f91010f654a5dfd00f83dbe25dbda482218d540b,master,B,CPU-12,CPU-12,register_rename_table,P1,rat,12,not_run,discovery_candidate
CAND-0035,blackparrot,bp_tlb,bp_common/src/v/bp_tlb.sv,https://github.com/black-parrot/black-parrot.git,f91010f654a5dfd00f83dbe25dbda482218d540b,master,B,CPU-18,CPU-18,tlb,P1,tlb,12,not_run,discovery_candidate
CAND-0036,cva6,acc_dispatcher,core/acc_dispatcher.sv,https://github.com/openhwgroup/cva6.git,3ac6208ed0210ff66a557dd7dc4e79e34f1f2f4a,master,B,SYS-02,SYS-02,dispatch_issue_controller,P0,dispatcher,12,not_run,discovery_candidate
CAND-0037,cva6,amo_alu,core/cache_subsystem/amo_alu.sv,https://github.com/openhwgroup/cva6.git,3ac6208ed0210ff66a557dd7dc4e79e34f1f2f4a,master,B,MEM-26,MEM-26,atomic_memory_order_unit,P1,amo,12,not_run,discovery_candidate
CAND-0038,cva6,amo_buffer,core/amo_buffer.sv,https://github.com/openhwgroup/cva6.git,3ac6208ed0210ff66a557dd7dc4e79e34f1f2f4a,master,B,MEM-26,MEM-26,atomic_memory_order_unit,P1,amo,12,not_run,discovery_candidate
CAND-0039,cva6,branch_unit,core/branch_unit.sv,https://github.com/openhwgroup/cva6.git,3ac6208ed0210ff66a557dd7dc4e79e34f1f2f4a,master,B,CPU-06,CPU-06,branch_resolve_pc_redirect,P0,branch unit,20,not_run,discovery_candidate
CAND-0040,cva6,btb,core/frontend/btb.sv,https://github.com/openhwgroup/cva6.git,3ac6208ed0210ff66a557dd7dc4e79e34f1f2f4a,master,B,CPU-04,CPU-04,btb,P1,btb,20,not_run,discovery_candidate
CAND-0041,cva6,cva6_ptw,core/cva6_mmu/cva6_ptw.sv,https://github.com/openhwgroup/cva6.git,3ac6208ed0210ff66a557dd7dc4e79e34f1f2f4a,master,B,CPU-19,CPU-19,page_table_walker,P1,ptw,12,not_run,discovery_candidate
CAND-0042,cva6,cva6_shared_tlb,core/cva6_mmu/cva6_shared_tlb.sv,https://github.com/openhwgroup/cva6.git,3ac6208ed0210ff66a557dd7dc4e79e34f1f2f4a,master,B,CPU-18,CPU-18,tlb,P1,tlb,12,not_run,discovery_candidate
CAND-0043,cva6,cva6_tlb,core/cva6_mmu/cva6_tlb.sv,https://github.com/openhwgroup/cva6.git,3ac6208ed0210ff66a557dd7dc4e79e34f1f2f4a,master,B,CPU-18,CPU-18,tlb,P1,tlb,12,not_run,discovery_candidate
CAND-0044,cva6,load_store_unit,core/load_store_unit.sv,https://github.com/openhwgroup/cva6.git,3ac6208ed0210ff66a557dd7dc4e79e34f1f2f4a,master,B,CPU-14,CPU-14,load_store_unit,P0,load store unit,20,not_run,discovery_candidate
CAND-0045,cva6,lsu_bypass,core/lsu_bypass.sv,https://github.com/openhwgroup/cva6.git,3ac6208ed0210ff66a557dd7dc4e79e34f1f2f4a,master,B,CPU-14,CPU-14,load_store_unit,P0,lsu,12,not_run,discovery_candidate
CAND-0046,cva6,store_buffer,core/store_buffer.sv,https://github.com/openhwgroup/cva6.git,3ac6208ed0210ff66a557dd7dc4e79e34f1f2f4a,master,B,CPU-16,CPU-16,store_buffer,P1,store buffer,20,not_run,discovery_candidate
CAND-0047,hdl_modules,mux16,logic/mux16.v,https://gitlab.com/alex/hdl-modules.git,8344604545b2f4f37d72e61d0320d5ff82ee62d1,main,B,DF-04,DF-04,mux,P0,mux,12,not_run,discovery_candidate
CAND-0048,ibex,ibex_load_store_unit,rtl/ibex_load_store_unit.sv,https://github.com/lowRISC/ibex.git,8b8ee086aef72e0833b7f0493d9d33f1e4d3c8e2,master,B,CPU-14,CPU-14,load_store_unit,P0,load store unit,12,not_run,discovery_candidate
CAND-0049,nvdla,NV_NVDLA_CDMA_WT_wrr_arb,vmod/nvdla/cdma/NV_NVDLA_CDMA_WT_wrr_arb.v,https://github.com/nvdla/hw.git,8e06b1b9d85aab65b40d43d08eec5ea4681ff715,nvdlav1,B,DF-11,DF-11,weighted_qos_arbiter,P1,wrr,12,not_run,discovery_candidate
CAND-0050,nvdla,NV_NVDLA_CDMA_dma_mux,vmod/nvdla/cdma/NV_NVDLA_CDMA_dma_mux.v,https://github.com/nvdla/hw.git,8e06b1b9d85aab65b40d43d08eec5ea4681ff715,nvdlav1,B,DF-04,DF-04,mux,P0,mux,12,not_run,discovery_candidate
CAND-0051,nvdla,NV_NVDLA_SDP_CMUX_pipe_p1,vmod/nvdla/sdp/NV_NVDLA_SDP_cmux.v,https://github.com/nvdla/hw.git,8e06b1b9d85aab65b40d43d08eec5ea4681ff715,nvdlav1,B,DF-04,DF-04,mux,P0,mux,12,not_run,discovery_candidate
CAND-0052,nvdla,NV_NVDLA_SDP_CMUX_pipe_p2,vmod/nvdla/sdp/NV_NVDLA_SDP_cmux.v,https://github.com/nvdla/hw.git,8e06b1b9d85aab65b40d43d08eec5ea4681ff715,nvdlav1,B,DF-04,DF-04,mux,P0,mux,12,not_run,discovery_candidate
CAND-0053,nvdla,NV_NVDLA_SDP_CORE_Y_dpunpack,vmod/nvdla/sdp/NV_NVDLA_SDP_CORE_Y_dpunpack.v,https://github.com/nvdla/hw.git,8e06b1b9d85aab65b40d43d08eec5ea4681ff715,nvdlav1,B,VEC-05,VEC-05,pack_unpack_widen_narrow,P1,unpack,12,not_run,discovery_candidate
CAND-0054,nvdla,NV_NVDLA_SDP_cmux,vmod/nvdla/sdp/NV_NVDLA_SDP_cmux.v,https://github.com/nvdla/hw.git,8e06b1b9d85aab65b40d43d08eec5ea4681ff715,nvdlav1,B,DF-04,DF-04,mux,P0,mux,12,not_run,discovery_candidate
CAND-0055,ohwr_general_cores,lm32_adder,modules/wishbone/wb_lm32/src/lm32_adder.v,https://gitlab.com/ohwr/project/general-cores.git,60fe3cb954f25e34a8e8ef61da2f1cee8cbcafd1,master,B,INT-01,INT-01,add_sub,P0,adder,12,not_run,discovery_candidate
CAND-0056,ohwr_general_cores,lm32_addsub,modules/wishbone/wb_lm32/src/lm32_addsub.v,https://gitlab.com/ohwr/project/general-cores.git,60fe3cb954f25e34a8e8ef61da2f1cee8cbcafd1,master,B,INT-01,INT-01,add_sub,P0,addsub,12,not_run,discovery_candidate
CAND-0057,ohwr_general_cores,lm32_cpu_full,modules/wishbone/wb_lm32/generated/lm32_allprofiles.v,https://gitlab.com/ohwr/project/general-cores.git,60fe3cb954f25e34a8e8ef61da2f1cee8cbcafd1,master,B,CPU-12,CPU-12,register_rename_table,P1,rat,8,not_run,discovery_candidate
CAND-0058,ohwr_general_cores,lm32_cpu_full_debug,modules/wishbone/wb_lm32/generated/lm32_allprofiles.v,https://gitlab.com/ohwr/project/general-cores.git,60fe3cb954f25e34a8e8ef61da2f1cee8cbcafd1,master,B,CPU-12,CPU-12,register_rename_table,P1,rat,8,not_run,discovery_candidate
CAND-0059,ohwr_general_cores,lm32_cpu_medium,modules/wishbone/wb_lm32/generated/lm32_allprofiles.v,https://gitlab.com/ohwr/project/general-cores.git,60fe3cb954f25e34a8e8ef61da2f1cee8cbcafd1,master,B,CPU-12,CPU-12,register_rename_table,P1,rat,8,not_run,discovery_candidate
CAND-0060,ohwr_general_cores,lm32_cpu_medium_debug,modules/wishbone/wb_lm32/generated/lm32_allprofiles.v,https://gitlab.com/ohwr/project/general-cores.git,60fe3cb954f25e34a8e8ef61da2f1cee8cbcafd1,master,B,CPU-12,CPU-12,register_rename_table,P1,rat,8,not_run,discovery_candidate
CAND-0061,ohwr_general_cores,lm32_cpu_medium_icache,modules/wishbone/wb_lm32/generated/lm32_allprofiles.v,https://gitlab.com/ohwr/project/general-cores.git,60fe3cb954f25e34a8e8ef61da2f1cee8cbcafd1,master,B,CPU-12,CPU-12,register_rename_table,P1,rat,8,not_run,discovery_candidate
CAND-0062,ohwr_general_cores,lm32_cpu_medium_icache_debug,modules/wishbone/wb_lm32/generated/lm32_allprofiles.v,https://gitlab.com/ohwr/project/general-cores.git,60fe3cb954f25e34a8e8ef61da2f1cee8cbcafd1,master,B,CPU-12,CPU-12,register_rename_table,P1,rat,8,not_run,discovery_candidate
CAND-0063,ohwr_general_cores,lm32_cpu_minimal,modules/wishbone/wb_lm32/generated/lm32_allprofiles.v,https://gitlab.com/ohwr/project/general-cores.git,60fe3cb954f25e34a8e8ef61da2f1cee8cbcafd1,master,B,CPU-12,CPU-12,register_rename_table,P1,rat,8,not_run,discovery_candidate
CAND-0064,ohwr_general_cores,lm32_cpu_wr_node,modules/wishbone/wb_lm32/generated/lm32_allprofiles.v,https://gitlab.com/ohwr/project/general-cores.git,60fe3cb954f25e34a8e8ef61da2f1cee8cbcafd1,master,B,CPU-12,CPU-12,register_rename_table,P1,rat,8,not_run,discovery_candidate
CAND-0065,ohwr_general_cores,lm32_dcache_full,modules/wishbone/wb_lm32/generated/lm32_allprofiles.v,https://gitlab.com/ohwr/project/general-cores.git,60fe3cb954f25e34a8e8ef61da2f1cee8cbcafd1,master,B,CPU-12,CPU-12,register_rename_table,P1,rat,8,not_run,discovery_candidate
CAND-0066,ohwr_general_cores,lm32_dcache_full_debug,modules/wishbone/wb_lm32/generated/lm32_allprofiles.v,https://gitlab.com/ohwr/project/general-cores.git,60fe3cb954f25e34a8e8ef61da2f1cee8cbcafd1,master,B,CPU-12,CPU-12,register_rename_table,P1,rat,8,not_run,discovery_candidate
CAND-0067,ohwr_general_cores,lm32_debug_full_debug,modules/wishbone/wb_lm32/generated/lm32_allprofiles.v,https://gitlab.com/ohwr/project/general-cores.git,60fe3cb954f25e34a8e8ef61da2f1cee8cbcafd1,master,B,CPU-12,CPU-12,register_rename_table,P1,rat,8,not_run,discovery_candidate
CAND-0068,ohwr_general_cores,lm32_debug_medium_debug,modules/wishbone/wb_lm32/generated/lm32_allprofiles.v,https://gitlab.com/ohwr/project/general-cores.git,60fe3cb954f25e34a8e8ef61da2f1cee8cbcafd1,master,B,CPU-12,CPU-12,register_rename_table,P1,rat,8,not_run,discovery_candidate
CAND-0069,ohwr_general_cores,lm32_debug_medium_icache_debug,modules/wishbone/wb_lm32/generated/lm32_allprofiles.v,https://gitlab.com/ohwr/project/general-cores.git,60fe3cb954f25e34a8e8ef61da2f1cee8cbcafd1,master,B,CPU-12,CPU-12,register_rename_table,P1,rat,8,not_run,discovery_candidate
CAND-0070,ohwr_general_cores,lm32_debug_wr_node,modules/wishbone/wb_lm32/generated/lm32_allprofiles.v,https://gitlab.com/ohwr/project/general-cores.git,60fe3cb954f25e34a8e8ef61da2f1cee8cbcafd1,master,B,CPU-12,CPU-12,register_rename_table,P1,rat,8,not_run,discovery_candidate
CAND-0071,ohwr_general_cores,lm32_decoder_full,modules/wishbone/wb_lm32/generated/lm32_allprofiles.v,https://gitlab.com/ohwr/project/general-cores.git,60fe3cb954f25e34a8e8ef61da2f1cee8cbcafd1,master,B,CPU-12,CPU-12,register_rename_table,P1,rat,8,not_run,discovery_candidate
CAND-0072,ohwr_general_cores,lm32_decoder_full_debug,modules/wishbone/wb_lm32/generated/lm32_allprofiles.v,https://gitlab.com/ohwr/project/general-cores.git,60fe3cb954f25e34a8e8ef61da2f1cee8cbcafd1,master,B,CPU-12,CPU-12,register_rename_table,P1,rat,8,not_run,discovery_candidate
CAND-0073,ohwr_general_cores,lm32_decoder_medium,modules/wishbone/wb_lm32/generated/lm32_allprofiles.v,https://gitlab.com/ohwr/project/general-cores.git,60fe3cb954f25e34a8e8ef61da2f1cee8cbcafd1,master,B,CPU-12,CPU-12,register_rename_table,P1,rat,8,not_run,discovery_candidate
CAND-0074,ohwr_general_cores,lm32_decoder_medium_debug,modules/wishbone/wb_lm32/generated/lm32_allprofiles.v,https://gitlab.com/ohwr/project/general-cores.git,60fe3cb954f25e34a8e8ef61da2f1cee8cbcafd1,master,B,CPU-12,CPU-12,register_rename_table,P1,rat,8,not_run,discovery_candidate
CAND-0075,ohwr_general_cores,lm32_decoder_medium_icache,modules/wishbone/wb_lm32/generated/lm32_allprofiles.v,https://gitlab.com/ohwr/project/general-cores.git,60fe3cb954f25e34a8e8ef61da2f1cee8cbcafd1,master,B,CPU-12,CPU-12,register_rename_table,P1,rat,8,not_run,discovery_candidate
CAND-0076,ohwr_general_cores,lm32_decoder_medium_icache_debug,modules/wishbone/wb_lm32/generated/lm32_allprofiles.v,https://gitlab.com/ohwr/project/general-cores.git,60fe3cb954f25e34a8e8ef61da2f1cee8cbcafd1,master,B,CPU-12,CPU-12,register_rename_table,P1,rat,8,not_run,discovery_candidate
CAND-0077,ohwr_general_cores,lm32_decoder_minimal,modules/wishbone/wb_lm32/generated/lm32_allprofiles.v,https://gitlab.com/ohwr/project/general-cores.git,60fe3cb954f25e34a8e8ef61da2f1cee8cbcafd1,master,B,CPU-12,CPU-12,register_rename_table,P1,rat,8,not_run,discovery_candidate
CAND-0078,ohwr_general_cores,lm32_decoder_wr_node,modules/wishbone/wb_lm32/generated/lm32_allprofiles.v,https://gitlab.com/ohwr/project/general-cores.git,60fe3cb954f25e34a8e8ef61da2f1cee8cbcafd1,master,B,CPU-12,CPU-12,register_rename_table,P1,rat,8,not_run,discovery_candidate
CAND-0079,ohwr_general_cores,lm32_icache_full,modules/wishbone/wb_lm32/generated/lm32_allprofiles.v,https://gitlab.com/ohwr/project/general-cores.git,60fe3cb954f25e34a8e8ef61da2f1cee8cbcafd1,master,B,CPU-12,CPU-12,register_rename_table,P1,rat,8,not_run,discovery_candidate
CAND-0080,ohwr_general_cores,lm32_icache_full_debug,modules/wishbone/wb_lm32/generated/lm32_allprofiles.v,https://gitlab.com/ohwr/project/general-cores.git,60fe3cb954f25e34a8e8ef61da2f1cee8cbcafd1,master,B,CPU-12,CPU-12,register_rename_table,P1,rat,8,not_run,discovery_candidate
CAND-0081,ohwr_general_cores,lm32_icache_medium_debug,modules/wishbone/wb_lm32/generated/lm32_allprofiles.v,https://gitlab.com/ohwr/project/general-cores.git,60fe3cb954f25e34a8e8ef61da2f1cee8cbcafd1,master,B,CPU-12,CPU-12,register_rename_table,P1,rat,8,not_run,discovery_candidate
CAND-0082,ohwr_general_cores,lm32_icache_medium_icache,modules/wishbone/wb_lm32/generated/lm32_allprofiles.v,https://gitlab.com/ohwr/project/general-cores.git,60fe3cb954f25e34a8e8ef61da2f1cee8cbcafd1,master,B,CPU-12,CPU-12,register_rename_table,P1,rat,8,not_run,discovery_candidate
CAND-0083,ohwr_general_cores,lm32_icache_medium_icache_debug,modules/wishbone/wb_lm32/generated/lm32_allprofiles.v,https://gitlab.com/ohwr/project/general-cores.git,60fe3cb954f25e34a8e8ef61da2f1cee8cbcafd1,master,B,CPU-12,CPU-12,register_rename_table,P1,rat,8,not_run,discovery_candidate
CAND-0084,ohwr_general_cores,lm32_instruction_unit_full,modules/wishbone/wb_lm32/generated/lm32_allprofiles.v,https://gitlab.com/ohwr/project/general-cores.git,60fe3cb954f25e34a8e8ef61da2f1cee8cbcafd1,master,B,CPU-12,CPU-12,register_rename_table,P1,rat,8,not_run,discovery_candidate
CAND-0085,ohwr_general_cores,lm32_instruction_unit_full_debug,modules/wishbone/wb_lm32/generated/lm32_allprofiles.v,https://gitlab.com/ohwr/project/general-cores.git,60fe3cb954f25e34a8e8ef61da2f1cee8cbcafd1,master,B,CPU-12,CPU-12,register_rename_table,P1,rat,8,not_run,discovery_candidate
CAND-0086,ohwr_general_cores,lm32_instruction_unit_medium,modules/wishbone/wb_lm32/generated/lm32_allprofiles.v,https://gitlab.com/ohwr/project/general-cores.git,60fe3cb954f25e34a8e8ef61da2f1cee8cbcafd1,master,B,CPU-12,CPU-12,register_rename_table,P1,rat,8,not_run,discovery_candidate
CAND-0087,ohwr_general_cores,lm32_instruction_unit_medium_debug,modules/wishbone/wb_lm32/generated/lm32_allprofiles.v,https://gitlab.com/ohwr/project/general-cores.git,60fe3cb954f25e34a8e8ef61da2f1cee8cbcafd1,master,B,CPU-12,CPU-12,register_rename_table,P1,rat,8,not_run,discovery_candidate
CAND-0088,ohwr_general_cores,lm32_instruction_unit_medium_icache,modules/wishbone/wb_lm32/generated/lm32_allprofiles.v,https://gitlab.com/ohwr/project/general-cores.git,60fe3cb954f25e34a8e8ef61da2f1cee8cbcafd1,master,B,CPU-12,CPU-12,register_rename_table,P1,rat,8,not_run,discovery_candidate
CAND-0089,ohwr_general_cores,lm32_instruction_unit_medium_icache_debug,modules/wishbone/wb_lm32/generated/lm32_allprofiles.v,https://gitlab.com/ohwr/project/general-cores.git,60fe3cb954f25e34a8e8ef61da2f1cee8cbcafd1,master,B,CPU-12,CPU-12,register_rename_table,P1,rat,8,not_run,discovery_candidate
CAND-0090,ohwr_general_cores,lm32_instruction_unit_minimal,modules/wishbone/wb_lm32/generated/lm32_allprofiles.v,https://gitlab.com/ohwr/project/general-cores.git,60fe3cb954f25e34a8e8ef61da2f1cee8cbcafd1,master,B,CPU-12,CPU-12,register_rename_table,P1,rat,8,not_run,discovery_candidate
CAND-0091,ohwr_general_cores,lm32_instruction_unit_wr_node,modules/wishbone/wb_lm32/generated/lm32_allprofiles.v,https://gitlab.com/ohwr/project/general-cores.git,60fe3cb954f25e34a8e8ef61da2f1cee8cbcafd1,master,B,CPU-12,CPU-12,register_rename_table,P1,rat,8,not_run,discovery_candidate
CAND-0092,ohwr_general_cores,lm32_interrupt_full,modules/wishbone/wb_lm32/generated/lm32_allprofiles.v,https://gitlab.com/ohwr/project/general-cores.git,60fe3cb954f25e34a8e8ef61da2f1cee8cbcafd1,master,B,CPU-12,CPU-12,register_rename_table,P1,rat,8,not_run,discovery_candidate
CAND-0093,ohwr_general_cores,lm32_interrupt_full_debug,modules/wishbone/wb_lm32/generated/lm32_allprofiles.v,https://gitlab.com/ohwr/project/general-cores.git,60fe3cb954f25e34a8e8ef61da2f1cee8cbcafd1,master,B,CPU-12,CPU-12,register_rename_table,P1,rat,8,not_run,discovery_candidate
CAND-0094,ohwr_general_cores,lm32_interrupt_medium,modules/wishbone/wb_lm32/generated/lm32_allprofiles.v,https://gitlab.com/ohwr/project/general-cores.git,60fe3cb954f25e34a8e8ef61da2f1cee8cbcafd1,master,B,CPU-12,CPU-12,register_rename_table,P1,rat,8,not_run,discovery_candidate
CAND-0095,ohwr_general_cores,lm32_interrupt_medium_debug,modules/wishbone/wb_lm32/generated/lm32_allprofiles.v,https://gitlab.com/ohwr/project/general-cores.git,60fe3cb954f25e34a8e8ef61da2f1cee8cbcafd1,master,B,CPU-12,CPU-12,register_rename_table,P1,rat,8,not_run,discovery_candidate
CAND-0096,ohwr_general_cores,lm32_interrupt_medium_icache,modules/wishbone/wb_lm32/generated/lm32_allprofiles.v,https://gitlab.com/ohwr/project/general-cores.git,60fe3cb954f25e34a8e8ef61da2f1cee8cbcafd1,master,B,CPU-12,CPU-12,register_rename_table,P1,rat,8,not_run,discovery_candidate
CAND-0097,ohwr_general_cores,lm32_interrupt_medium_icache_debug,modules/wishbone/wb_lm32/generated/lm32_allprofiles.v,https://gitlab.com/ohwr/project/general-cores.git,60fe3cb954f25e34a8e8ef61da2f1cee8cbcafd1,master,B,CPU-12,CPU-12,register_rename_table,P1,rat,8,not_run,discovery_candidate
CAND-0098,ohwr_general_cores,lm32_interrupt_minimal,modules/wishbone/wb_lm32/generated/lm32_allprofiles.v,https://gitlab.com/ohwr/project/general-cores.git,60fe3cb954f25e34a8e8ef61da2f1cee8cbcafd1,master,B,CPU-12,CPU-12,register_rename_table,P1,rat,8,not_run,discovery_candidate
CAND-0099,ohwr_general_cores,lm32_interrupt_wr_node,modules/wishbone/wb_lm32/generated/lm32_allprofiles.v,https://gitlab.com/ohwr/project/general-cores.git,60fe3cb954f25e34a8e8ef61da2f1cee8cbcafd1,master,B,CPU-12,CPU-12,register_rename_table,P1,rat,8,not_run,discovery_candidate
CAND-0100,ohwr_general_cores,lm32_jtag_full_debug,modules/wishbone/wb_lm32/generated/lm32_allprofiles.v,https://gitlab.com/ohwr/project/general-cores.git,60fe3cb954f25e34a8e8ef61da2f1cee8cbcafd1,master,B,CPU-12,CPU-12,register_rename_table,P1,rat,8,not_run,discovery_candidate
CAND-0101,ohwr_general_cores,lm32_jtag_medium_debug,modules/wishbone/wb_lm32/generated/lm32_allprofiles.v,https://gitlab.com/ohwr/project/general-cores.git,60fe3cb954f25e34a8e8ef61da2f1cee8cbcafd1,master,B,CPU-12,CPU-12,register_rename_table,P1,rat,8,not_run,discovery_candidate
CAND-0102,ohwr_general_cores,lm32_jtag_medium_icache_debug,modules/wishbone/wb_lm32/generated/lm32_allprofiles.v,https://gitlab.com/ohwr/project/general-cores.git,60fe3cb954f25e34a8e8ef61da2f1cee8cbcafd1,master,B,CPU-12,CPU-12,register_rename_table,P1,rat,8,not_run,discovery_candidate
CAND-0103,ohwr_general_cores,lm32_load_store_unit,modules/wishbone/wb_lm32/src/lm32_load_store_unit.v,https://gitlab.com/ohwr/project/general-cores.git,60fe3cb954f25e34a8e8ef61da2f1cee8cbcafd1,master,B,CPU-14,CPU-14,load_store_unit,P0,load store unit,12,not_run,discovery_candidate
CAND-0104,ohwr_general_cores,lm32_load_store_unit_full,modules/wishbone/wb_lm32/generated/lm32_allprofiles.v,https://gitlab.com/ohwr/project/general-cores.git,60fe3cb954f25e34a8e8ef61da2f1cee8cbcafd1,master,B,CPU-14,CPU-12;CPU-14,load_store_unit;register_rename_table,P0;P1,load store unit;rat,12,not_run,discovery_candidate
CAND-0105,ohwr_general_cores,lm32_load_store_unit_full_debug,modules/wishbone/wb_lm32/generated/lm32_allprofiles.v,https://gitlab.com/ohwr/project/general-cores.git,60fe3cb954f25e34a8e8ef61da2f1cee8cbcafd1,master,B,CPU-14,CPU-12;CPU-14,load_store_unit;register_rename_table,P0;P1,load store unit;rat,12,not_run,discovery_candidate
CAND-0106,ohwr_general_cores,lm32_load_store_unit_medium,modules/wishbone/wb_lm32/generated/lm32_allprofiles.v,https://gitlab.com/ohwr/project/general-cores.git,60fe3cb954f25e34a8e8ef61da2f1cee8cbcafd1,master,B,CPU-14,CPU-12;CPU-14,load_store_unit;register_rename_table,P0;P1,load store unit;rat,12,not_run,discovery_candidate
CAND-0107,ohwr_general_cores,lm32_load_store_unit_medium_debug,modules/wishbone/wb_lm32/generated/lm32_allprofiles.v,https://gitlab.com/ohwr/project/general-cores.git,60fe3cb954f25e34a8e8ef61da2f1cee8cbcafd1,master,B,CPU-14,CPU-12;CPU-14,load_store_unit;register_rename_table,P0;P1,load store unit;rat,12,not_run,discovery_candidate
CAND-0108,ohwr_general_cores,lm32_load_store_unit_medium_icache,modules/wishbone/wb_lm32/generated/lm32_allprofiles.v,https://gitlab.com/ohwr/project/general-cores.git,60fe3cb954f25e34a8e8ef61da2f1cee8cbcafd1,master,B,CPU-14,CPU-12;CPU-14,load_store_unit;register_rename_table,P0;P1,load store unit;rat,12,not_run,discovery_candidate
CAND-0109,ohwr_general_cores,lm32_load_store_unit_medium_icache_debug,modules/wishbone/wb_lm32/generated/lm32_allprofiles.v,https://gitlab.com/ohwr/project/general-cores.git,60fe3cb954f25e34a8e8ef61da2f1cee8cbcafd1,master,B,CPU-14,CPU-12;CPU-14,load_store_unit;register_rename_table,P0;P1,load store unit;rat,12,not_run,discovery_candidate
CAND-0110,ohwr_general_cores,lm32_load_store_unit_minimal,modules/wishbone/wb_lm32/generated/lm32_allprofiles.v,https://gitlab.com/ohwr/project/general-cores.git,60fe3cb954f25e34a8e8ef61da2f1cee8cbcafd1,master,B,CPU-14,CPU-12;CPU-14,load_store_unit;register_rename_table,P0;P1,load store unit;rat,12,not_run,discovery_candidate
CAND-0111,ohwr_general_cores,lm32_load_store_unit_wr_node,modules/wishbone/wb_lm32/generated/lm32_allprofiles.v,https://gitlab.com/ohwr/project/general-cores.git,60fe3cb954f25e34a8e8ef61da2f1cee8cbcafd1,master,B,CPU-14,CPU-12;CPU-14,load_store_unit;register_rename_table,P0;P1,load store unit;rat,12,not_run,discovery_candidate
CAND-0112,ohwr_general_cores,lm32_mc_arithmetic_full,modules/wishbone/wb_lm32/generated/lm32_allprofiles.v,https://gitlab.com/ohwr/project/general-cores.git,60fe3cb954f25e34a8e8ef61da2f1cee8cbcafd1,master,B,CPU-12,CPU-12,register_rename_table,P1,rat,8,not_run,discovery_candidate
CAND-0113,ohwr_general_cores,lm32_mc_arithmetic_full_debug,modules/wishbone/wb_lm32/generated/lm32_allprofiles.v,https://gitlab.com/ohwr/project/general-cores.git,60fe3cb954f25e34a8e8ef61da2f1cee8cbcafd1,master,B,CPU-12,CPU-12,register_rename_table,P1,rat,8,not_run,discovery_candidate
CAND-0114,ohwr_general_cores,lm32_mc_arithmetic_medium,modules/wishbone/wb_lm32/generated/lm32_allprofiles.v,https://gitlab.com/ohwr/project/general-cores.git,60fe3cb954f25e34a8e8ef61da2f1cee8cbcafd1,master,B,CPU-12,CPU-12,register_rename_table,P1,rat,8,not_run,discovery_candidate
CAND-0115,ohwr_general_cores,lm32_mc_arithmetic_medium_debug,modules/wishbone/wb_lm32/generated/lm32_allprofiles.v,https://gitlab.com/ohwr/project/general-cores.git,60fe3cb954f25e34a8e8ef61da2f1cee8cbcafd1,master,B,CPU-12,CPU-12,register_rename_table,P1,rat,8,not_run,discovery_candidate
CAND-0116,ohwr_general_cores,lm32_mc_arithmetic_medium_icache,modules/wishbone/wb_lm32/generated/lm32_allprofiles.v,https://gitlab.com/ohwr/project/general-cores.git,60fe3cb954f25e34a8e8ef61da2f1cee8cbcafd1,master,B,CPU-12,CPU-12,register_rename_table,P1,rat,8,not_run,discovery_candidate
CAND-0117,ohwr_general_cores,lm32_mc_arithmetic_medium_icache_debug,modules/wishbone/wb_lm32/generated/lm32_allprofiles.v,https://gitlab.com/ohwr/project/general-cores.git,60fe3cb954f25e34a8e8ef61da2f1cee8cbcafd1,master,B,CPU-12,CPU-12,register_rename_table,P1,rat,8,not_run,discovery_candidate
CAND-0118,ohwr_general_cores,lm32_mc_arithmetic_minimal,modules/wishbone/wb_lm32/generated/lm32_allprofiles.v,https://gitlab.com/ohwr/project/general-cores.git,60fe3cb954f25e34a8e8ef61da2f1cee8cbcafd1,master,B,CPU-12,CPU-12,register_rename_table,P1,rat,8,not_run,discovery_candidate
CAND-0119,ohwr_general_cores,lm32_mc_arithmetic_wr_node,modules/wishbone/wb_lm32/generated/lm32_allprofiles.v,https://gitlab.com/ohwr/project/general-cores.git,60fe3cb954f25e34a8e8ef61da2f1cee8cbcafd1,master,B,CPU-12,CPU-12,register_rename_table,P1,rat,8,not_run,discovery_candidate
CAND-0120,ohwr_general_cores,lm32_shifter,modules/wishbone/wb_lm32/src/lm32_shifter.v,https://gitlab.com/ohwr/project/general-cores.git,60fe3cb954f25e34a8e8ef61da2f1cee8cbcafd1,master,B,INT-05,INT-05,shift,P0,shifter,12,not_run,discovery_candidate
CAND-0121,ohwr_general_cores,lm32_top_full,modules/wishbone/wb_lm32/generated/lm32_allprofiles.v,https://gitlab.com/ohwr/project/general-cores.git,60fe3cb954f25e34a8e8ef61da2f1cee8cbcafd1,master,B,CPU-12,CPU-12,register_rename_table,P1,rat,8,not_run,discovery_candidate
CAND-0122,ohwr_general_cores,lm32_top_full_debug,modules/wishbone/wb_lm32/generated/lm32_allprofiles.v,https://gitlab.com/ohwr/project/general-cores.git,60fe3cb954f25e34a8e8ef61da2f1cee8cbcafd1,master,B,CPU-12,CPU-12,register_rename_table,P1,rat,8,not_run,discovery_candidate
CAND-0123,ohwr_general_cores,lm32_top_medium,modules/wishbone/wb_lm32/generated/lm32_allprofiles.v,https://gitlab.com/ohwr/project/general-cores.git,60fe3cb954f25e34a8e8ef61da2f1cee8cbcafd1,master,B,CPU-12,CPU-12,register_rename_table,P1,rat,8,not_run,discovery_candidate
CAND-0124,ohwr_general_cores,lm32_top_medium_debug,modules/wishbone/wb_lm32/generated/lm32_allprofiles.v,https://gitlab.com/ohwr/project/general-cores.git,60fe3cb954f25e34a8e8ef61da2f1cee8cbcafd1,master,B,CPU-12,CPU-12,register_rename_table,P1,rat,8,not_run,discovery_candidate
CAND-0125,ohwr_general_cores,lm32_top_medium_icache,modules/wishbone/wb_lm32/generated/lm32_allprofiles.v,https://gitlab.com/ohwr/project/general-cores.git,60fe3cb954f25e34a8e8ef61da2f1cee8cbcafd1,master,B,CPU-12,CPU-12,register_rename_table,P1,rat,8,not_run,discovery_candidate
CAND-0126,ohwr_general_cores,lm32_top_medium_icache_debug,modules/wishbone/wb_lm32/generated/lm32_allprofiles.v,https://gitlab.com/ohwr/project/general-cores.git,60fe3cb954f25e34a8e8ef61da2f1cee8cbcafd1,master,B,CPU-12,CPU-12,register_rename_table,P1,rat,8,not_run,discovery_candidate
CAND-0127,ohwr_general_cores,lm32_top_minimal,modules/wishbone/wb_lm32/generated/lm32_allprofiles.v,https://gitlab.com/ohwr/project/general-cores.git,60fe3cb954f25e34a8e8ef61da2f1cee8cbcafd1,master,B,CPU-12,CPU-12,register_rename_table,P1,rat,8,not_run,discovery_candidate
CAND-0128,ohwr_general_cores,lm32_top_wr_node,modules/wishbone/wb_lm32/generated/lm32_allprofiles.v,https://gitlab.com/ohwr/project/general-cores.git,60fe3cb954f25e34a8e8ef61da2f1cee8cbcafd1,master,B,CPU-12,CPU-12,register_rename_table,P1,rat,8,not_run,discovery_candidate
CAND-0129,openpiton,async_fifo,piton/design/common/rtl/async_fifo.v,https://github.com/PrincetonUniversity/openpiton.git,1c6bfd2d2ea53ddd7b6f933fa2d439d1a540e207,openpiton,B,DF-02,DF-01;DF-02,async_fifo;sync_fifo,P0,async fifo;sync fifo,20,not_run,discovery_candidate
CAND-0130,openpiton,bw_r_irf_72_2x1_mux,piton/design/chip/tile/sparc/exu/bw_r_irf/common/rtl/bw_r_irf_register.v,https://github.com/PrincetonUniversity/openpiton.git,1c6bfd2d2ea53ddd7b6f933fa2d439d1a540e207,openpiton,B,DF-04,DF-04,mux,P0,mux,12,not_run,discovery_candidate
CAND-0131,openpiton,bw_r_irf_72_4x1_mux,piton/design/chip/tile/sparc/exu/bw_r_irf/common/rtl/bw_r_irf_register.v,https://github.com/PrincetonUniversity/openpiton.git,1c6bfd2d2ea53ddd7b6f933fa2d439d1a540e207,openpiton,B,DF-04,DF-04,mux,P0,mux,12,not_run,discovery_candidate
CAND-0132,openpiton,bw_u1_muxi21_0p6x,piton/design/chip/tile/common/rtl/u1.beh.v,https://github.com/PrincetonUniversity/openpiton.git,1c6bfd2d2ea53ddd7b6f933fa2d439d1a540e207,openpiton,B,DF-04,DF-04,mux,P0,mux,12,not_run,discovery_candidate
CAND-0133,openpiton,bw_u1_muxi21_1x,piton/design/chip/tile/common/rtl/u1.beh.v,https://github.com/PrincetonUniversity/openpiton.git,1c6bfd2d2ea53ddd7b6f933fa2d439d1a540e207,openpiton,B,DF-04,DF-04,mux,P0,mux,12,not_run,discovery_candidate
CAND-0134,openpiton,bw_u1_muxi21_2x,piton/design/chip/tile/common/rtl/u1.beh.v,https://github.com/PrincetonUniversity/openpiton.git,1c6bfd2d2ea53ddd7b6f933fa2d439d1a540e207,openpiton,B,DF-04,DF-04,mux,P0,mux,12,not_run,discovery_candidate
CAND-0135,openpiton,bw_u1_muxi21_4x,piton/design/chip/tile/common/rtl/u1.beh.v,https://github.com/PrincetonUniversity/openpiton.git,1c6bfd2d2ea53ddd7b6f933fa2d439d1a540e207,openpiton,B,DF-04,DF-04,mux,P0,mux,12,not_run,discovery_candidate
CAND-0136,openpiton,bw_u1_muxi21_6x,piton/design/chip/tile/common/rtl/u1.beh.v,https://github.com/PrincetonUniversity/openpiton.git,1c6bfd2d2ea53ddd7b6f933fa2d439d1a540e207,openpiton,B,DF-04,DF-04,mux,P0,mux,12,not_run,discovery_candidate
CAND-0137,openpiton,bw_u1_muxi31d_4x,piton/design/chip/tile/common/rtl/u1.beh.v,https://github.com/PrincetonUniversity/openpiton.git,1c6bfd2d2ea53ddd7b6f933fa2d439d1a540e207,openpiton,B,DF-04,DF-04,mux,P0,mux,12,not_run,discovery_candidate
CAND-0138,openpiton,bw_u1_muxi41d_4x,piton/design/chip/tile/common/rtl/u1.beh.v,https://github.com/PrincetonUniversity/openpiton.git,1c6bfd2d2ea53ddd7b6f933fa2d439d1a540e207,openpiton,B,DF-04,DF-04,mux,P0,mux,12,not_run,discovery_candidate
CAND-0139,openpiton,bw_u1_muxi41d_6x,piton/design/chip/tile/common/rtl/u1.beh.v,https://github.com/PrincetonUniversity/openpiton.git,1c6bfd2d2ea53ddd7b6f933fa2d439d1a540e207,openpiton,B,DF-04,DF-04,mux,P0,mux,12,not_run,discovery_candidate
CAND-0140,openpiton,bw_u1_soffasr_2x,piton/design/chip/tile/common/rtl/u1.beh.v,https://github.com/PrincetonUniversity/openpiton.git,1c6bfd2d2ea53ddd7b6f933fa2d439d1a540e207,openpiton,B,INT-05,INT-05,shift,P0,asr,12,not_run,discovery_candidate
CAND-0141,openpiton,bw_u1_zzmulppmuxi21_2x,piton/design/chip/tile/common/rtl/u1.beh.v,https://github.com/PrincetonUniversity/openpiton.git,1c6bfd2d2ea53ddd7b6f933fa2d439d1a540e207,openpiton,B,DF-04,DF-04,mux,P0,mux,12,not_run,discovery_candidate
CAND-0142,openpiton,clk_mux,piton/design/chip/pll/rtl/clk_mux.v,https://github.com/PrincetonUniversity/openpiton.git,1c6bfd2d2ea53ddd7b6f933fa2d439d1a540e207,openpiton,B,DF-04,DF-04,mux,P0,mux,12,not_run,discovery_candidate
CAND-0143,openpiton,cpx_arbitrator,piton/design/chip/tile/rtl/cpx_arbitrator.v,https://github.com/PrincetonUniversity/openpiton.git,1c6bfd2d2ea53ddd7b6f933fa2d439d1a540e207,openpiton,B,CPU-12,CPU-12,register_rename_table,P1,rat,12,not_run,discovery_candidate
CAND-0144,openpiton,demux_process_pkt,piton/design/common/uart_pkttrace_dump/rtl/demux_process_pkt.v,https://github.com/PrincetonUniversity/openpiton.git,1c6bfd2d2ea53ddd7b6f933fa2d439d1a540e207,openpiton,B,DF-04,DF-04,mux,P0,mux,12,not_run,discovery_candidate
CAND-0145,openpiton,dp_mux2ds,piton/design/chip/tile/common/rtl/swrvr_dlib.v,https://github.com/PrincetonUniversity/openpiton.git,1c6bfd2d2ea53ddd7b6f933fa2d439d1a540e207,openpiton,B,DF-04,DF-04,mux,P0,mux,12,not_run,discovery_candidate
CAND-0146,openpiton,dp_mux2es,piton/design/chip/tile/common/rtl/swrvr_dlib.v,https://github.com/PrincetonUniversity/openpiton.git,1c6bfd2d2ea53ddd7b6f933fa2d439d1a540e207,openpiton,B,DF-04,DF-04,mux,P0,mux,12,not_run,discovery_candidate
CAND-0147,openpiton,dp_mux3ds,piton/design/chip/tile/common/rtl/swrvr_dlib.v,https://github.com/PrincetonUniversity/openpiton.git,1c6bfd2d2ea53ddd7b6f933fa2d439d1a540e207,openpiton,B,DF-04,DF-04,mux,P0,mux,12,not_run,discovery_candidate
CAND-0148,openpiton,dp_mux4ds,piton/design/chip/tile/common/rtl/swrvr_dlib.v,https://github.com/PrincetonUniversity/openpiton.git,1c6bfd2d2ea53ddd7b6f933fa2d439d1a540e207,openpiton,B,DF-04,DF-04,mux,P0,mux,12,not_run,discovery_candidate
CAND-0149,openpiton,dp_mux5ds,piton/design/chip/tile/common/rtl/swrvr_dlib.v,https://github.com/PrincetonUniversity/openpiton.git,1c6bfd2d2ea53ddd7b6f933fa2d439d1a540e207,openpiton,B,DF-04,DF-04,mux,P0,mux,12,not_run,discovery_candidate
CAND-0150,openpiton,dp_mux8ds,piton/design/chip/tile/common/rtl/swrvr_dlib.v,https://github.com/PrincetonUniversity/openpiton.git,1c6bfd2d2ea53ddd7b6f933fa2d439d1a540e207,openpiton,B,DF-04,DF-04,mux,P0,mux,12,not_run,discovery_candidate
CAND-0151,openpiton,l2_amo_alu,piton/design/chip/tile/l2/rtl/l2_amo_alu.v,https://github.com/PrincetonUniversity/openpiton.git,1c6bfd2d2ea53ddd7b6f933fa2d439d1a540e207,openpiton,B,MEM-26,MEM-26,atomic_memory_order_unit,P1,amo,12,not_run,discovery_candidate
CAND-0152,openpiton,l2_broadcast_counter,piton/design/chip/tile/l2/rtl/l2_broadcast_counter.v,https://github.com/PrincetonUniversity/openpiton.git,1c6bfd2d2ea53ddd7b6f933fa2d439d1a540e207,openpiton,B,INT-02,INT-02,add_with_carry_borrow,P1,adc,12,not_run,discovery_candidate
CAND-0153,openpiton,l2_broadcast_counter_wrap,piton/design/chip/tile/l2/rtl/l2_broadcast_counter_wrap.v,https://github.com/PrincetonUniversity/openpiton.git,1c6bfd2d2ea53ddd7b6f933fa2d439d1a540e207,openpiton,B,INT-02,INT-02,add_with_carry_borrow,P1,adc,12,not_run,discovery_candidate
CAND-0154,openpiton,l2_mshr_decoder,piton/design/chip/tile/l2/rtl/l2_mshr_decoder.v,https://github.com/PrincetonUniversity/openpiton.git,1c6bfd2d2ea53ddd7b6f933fa2d439d1a540e207,openpiton,B,MEM-16,MEM-16,mshr_miss_tracker,P0,mshr,12,not_run,discovery_candidate
CAND-0155,openpiton,l2_mshr_wrap,piton/design/chip/tile/l2/rtl/l2_mshr_wrap.v,https://github.com/PrincetonUniversity/openpiton.git,1c6bfd2d2ea53ddd7b6f933fa2d439d1a540e207,openpiton,B,MEM-16,MEM-16,mshr_miss_tracker,P0,mshr,12,not_run,discovery_candidate
CAND-0156,openpiton,lsu,piton/design/chip/tile/sparc/lsu/rtl/lsu.v,https://github.com/PrincetonUniversity/openpiton.git,1c6bfd2d2ea53ddd7b6f933fa2d439d1a540e207,openpiton,B,CPU-14,CPU-14,load_store_unit,P0,lsu,20,not_run,discovery_candidate
CAND-0157,openpiton,lsu_asi_decode,piton/design/chip/tile/sparc/lsu/rtl/lsu_asi_decode.v,https://github.com/PrincetonUniversity/openpiton.git,1c6bfd2d2ea53ddd7b6f933fa2d439d1a540e207,openpiton,B,CPU-14,CPU-14,load_store_unit,P0,lsu,12,not_run,discovery_candidate
CAND-0158,openpiton,lsu_dc_parity_gen,piton/design/chip/tile/sparc/lsu/rtl/lsu_dc_parity_gen.v,https://github.com/PrincetonUniversity/openpiton.git,1c6bfd2d2ea53ddd7b6f933fa2d439d1a540e207,openpiton,B,CPU-14,CPU-14,load_store_unit,P0,lsu,12,not_run,discovery_candidate
CAND-0159,openpiton,lsu_dcache_lfsr,piton/design/chip/tile/sparc/lsu/rtl/lsu_dcache_lfsr.v,https://github.com/PrincetonUniversity/openpiton.git,1c6bfd2d2ea53ddd7b6f933fa2d439d1a540e207,openpiton,B,CPU-14,CPU-14,load_store_unit,P0,lsu,12,not_run,discovery_candidate
CAND-0160,openpiton,lsu_dctldp,piton/design/chip/tile/sparc/lsu/rtl/lsu_dctldp.v,https://github.com/PrincetonUniversity/openpiton.git,1c6bfd2d2ea53ddd7b6f933fa2d439d1a540e207,openpiton,B,CPU-14,CPU-14,load_store_unit,P0,lsu,12,not_run,discovery_candidate
CAND-0161,openpiton,lsu_excpctl,piton/design/chip/tile/sparc/lsu/rtl/lsu_excpctl.v,https://github.com/PrincetonUniversity/openpiton.git,1c6bfd2d2ea53ddd7b6f933fa2d439d1a540e207,openpiton,B,CPU-14,CPU-14,load_store_unit,P0,lsu,12,not_run,discovery_candidate
CAND-0162,openpiton,lsu_nospu_wrap,piton/design/chip/tile/sparc/lsu/rtl/lsu_nospu_wrap.v,https://github.com/PrincetonUniversity/openpiton.git,1c6bfd2d2ea53ddd7b6f933fa2d439d1a540e207,openpiton,B,CPU-14,CPU-14,load_store_unit,P0,lsu,12,not_run,discovery_candidate
CAND-0163,openpiton,lsu_pcx_qmon,piton/design/chip/tile/sparc/lsu/rtl/lsu_pcx_qmon.v,https://github.com/PrincetonUniversity/openpiton.git,1c6bfd2d2ea53ddd7b6f933fa2d439d1a540e207,openpiton,B,CPU-14,CPU-14,load_store_unit,P0,lsu,12,not_run,discovery_candidate
CAND-0164,openpiton,lsu_qctl1,piton/design/chip/tile/sparc/lsu/rtl/lsu_qctl1.v,https://github.com/PrincetonUniversity/openpiton.git,1c6bfd2d2ea53ddd7b6f933fa2d439d1a540e207,openpiton,B,CPU-14,CPU-14,load_store_unit,P0,lsu,12,not_run,discovery_candidate
CAND-0165,openpiton,lsu_qdp1,piton/design/chip/tile/sparc/lsu/rtl/lsu_qdp1.v,https://github.com/PrincetonUniversity/openpiton.git,1c6bfd2d2ea53ddd7b6f933fa2d439d1a540e207,openpiton,B,CPU-14,CPU-14,load_store_unit,P0,lsu,12,not_run,discovery_candidate
CAND-0166,openpiton,lsu_qdp2,piton/design/chip/tile/sparc/lsu/rtl/lsu_qdp2.v,https://github.com/PrincetonUniversity/openpiton.git,1c6bfd2d2ea53ddd7b6f933fa2d439d1a540e207,openpiton,B,CPU-14,CPU-14,load_store_unit,P0,lsu,12,not_run,discovery_candidate
CAND-0167,openpiton,lsu_rrobin_picker2,piton/design/chip/tile/sparc/lsu/rtl/lsu_rrobin_picker2.v,https://github.com/PrincetonUniversity/openpiton.git,1c6bfd2d2ea53ddd7b6f933fa2d439d1a540e207,openpiton,B,CPU-14,CPU-14,load_store_unit,P0,lsu,12,not_run,discovery_candidate
CAND-0168,openpiton,lsu_stb_ctl,piton/design/chip/tile/sparc/lsu/rtl/lsu_stb_ctl.v,https://github.com/PrincetonUniversity/openpiton.git,1c6bfd2d2ea53ddd7b6f933fa2d439d1a540e207,openpiton,B,CPU-14,CPU-14,load_store_unit,P0,lsu,12,not_run,discovery_candidate
CAND-0169,openpiton,lsu_stb_ctldp,piton/design/chip/tile/sparc/lsu/rtl/lsu_stb_ctldp.v,https://github.com/PrincetonUniversity/openpiton.git,1c6bfd2d2ea53ddd7b6f933fa2d439d1a540e207,openpiton,B,CPU-14,CPU-14,load_store_unit,P0,lsu,12,not_run,discovery_candidate
CAND-0170,openpiton,lsu_stb_rwctl,piton/design/chip/tile/sparc/lsu/rtl/lsu_stb_rwctl.v,https://github.com/PrincetonUniversity/openpiton.git,1c6bfd2d2ea53ddd7b6f933fa2d439d1a540e207,openpiton,B,CPU-14,CPU-14,load_store_unit,P0,lsu,12,not_run,discovery_candidate
CAND-0171,openpiton,lsu_stb_rwdp,piton/design/chip/tile/sparc/lsu/rtl/lsu_stb_rwdp.v,https://github.com/PrincetonUniversity/openpiton.git,1c6bfd2d2ea53ddd7b6f933fa2d439d1a540e207,openpiton,B,CPU-14,CPU-14,load_store_unit,P0,lsu,12,not_run,discovery_candidate
CAND-0172,openpiton,lsu_tlbdp,piton/design/chip/tile/sparc/lsu/rtl/lsu_tlbdp.v,https://github.com/PrincetonUniversity/openpiton.git,1c6bfd2d2ea53ddd7b6f933fa2d439d1a540e207,openpiton,B,CPU-14,CPU-14;CPU-18,load_store_unit;tlb,P0;P1,lsu;tlb,12,not_run,discovery_candidate
CAND-0173,openpiton,mul_mux2,piton/design/chip/tile/common/rtl/mul64.v,https://github.com/PrincetonUniversity/openpiton.git,1c6bfd2d2ea53ddd7b6f933fa2d439d1a540e207,openpiton,B,DF-04,DF-04,mux,P0,mux,12,not_run,discovery_candidate
CAND-0174,openpiton,mux2ds,piton/design/chip/tile/common/rtl/swrvr_clib.v,https://github.com/PrincetonUniversity/openpiton.git,1c6bfd2d2ea53ddd7b6f933fa2d439d1a540e207,openpiton,B,DF-04,DF-04,mux,P0,mux,12,not_run,discovery_candidate
CAND-0175,openpiton,mux3ds,piton/design/chip/tile/common/rtl/swrvr_clib.v,https://github.com/PrincetonUniversity/openpiton.git,1c6bfd2d2ea53ddd7b6f933fa2d439d1a540e207,openpiton,B,DF-04,DF-04,mux,P0,mux,12,not_run,discovery_candidate
CAND-0176,openpiton,mux4ds,piton/design/chip/tile/common/rtl/swrvr_clib.v,https://github.com/PrincetonUniversity/openpiton.git,1c6bfd2d2ea53ddd7b6f933fa2d439d1a540e207,openpiton,B,DF-04,DF-04,mux,P0,mux,12,not_run,discovery_candidate
CAND-0177,openpiton,mux_process_pkt,piton/design/common/uart_pkttrace_dump/rtl/mux_process_pkt.v,https://github.com/PrincetonUniversity/openpiton.git,1c6bfd2d2ea53ddd7b6f933fa2d439d1a540e207,openpiton,B,DF-04,DF-04,mux,P0,mux,12,not_run,discovery_candidate
CAND-0178,openpiton,sd_clock_divider,piton/design/chipset/noc_sd_bridge/rtl/sd_clock_divider.v,https://github.com/PrincetonUniversity/openpiton.git,1c6bfd2d2ea53ddd7b6f933fa2d439d1a540e207,openpiton,B,INT-10,INT-10,div_rem,P1,divider,12,not_run,discovery_candidate
CAND-0179,openpiton,sparc_exu_aluadder64,piton/design/chip/tile/sparc/exu/rtl/sparc_exu_aluadder64.v,https://github.com/PrincetonUniversity/openpiton.git,1c6bfd2d2ea53ddd7b6f933fa2d439d1a540e207,openpiton,B,INT-01,INT-01,add_sub,P0,adder,12,not_run,discovery_candidate
CAND-0180,openpiton,sparc_exu_aluaddsub,piton/design/chip/tile/sparc/exu/rtl/sparc_exu_aluaddsub.v,https://github.com/PrincetonUniversity/openpiton.git,1c6bfd2d2ea53ddd7b6f933fa2d439d1a540e207,openpiton,B,INT-01,INT-01,add_sub,P0,addsub,12,not_run,discovery_candidate
CAND-0181,openpiton,spu_lsurpt,piton/design/chip/tile/sparc/spu/rtl/spu_lsurpt.v,https://github.com/PrincetonUniversity/openpiton.git,1c6bfd2d2ea53ddd7b6f933fa2d439d1a540e207,openpiton,B,CPU-14,CPU-14,load_store_unit,P0,lsu,12,not_run,discovery_candidate
CAND-0182,openpiton,spu_lsurpt1,piton/design/chip/tile/sparc/spu/rtl/spu_lsurpt1.v,https://github.com/PrincetonUniversity/openpiton.git,1c6bfd2d2ea53ddd7b6f933fa2d439d1a540e207,openpiton,B,CPU-14,CPU-14,load_store_unit,P0,lsu,12,not_run,discovery_candidate
CAND-0183,openpiton,sync_fifo,piton/design/chip/chip_bridge/rtl/sync_fifo.v,https://github.com/PrincetonUniversity/openpiton.git,1c6bfd2d2ea53ddd7b6f933fa2d439d1a540e207,openpiton,B,DF-01,DF-01,sync_fifo,P0,sync fifo,20,not_run,discovery_candidate
CAND-0184,openpiton,sync_fifo_vr,piton/design/common/rtl/sync_fifo_vr.v,https://github.com/PrincetonUniversity/openpiton.git,1c6bfd2d2ea53ddd7b6f933fa2d439d1a540e207,openpiton,B,DF-01,DF-01,sync_fifo,P0,sync fifo,12,not_run,discovery_candidate
CAND-0185,openpiton,synchronizer_asr,piton/design/chip/tile/common/rtl/synchronizer_asr.v,https://github.com/PrincetonUniversity/openpiton.git,1c6bfd2d2ea53ddd7b6f933fa2d439d1a540e207,openpiton,B,INT-05,INT-05,shift,P0,asr,12,not_run,discovery_candidate
CAND-0186,openpiton,synchronizer_asr_dup,piton/design/chip/tile/common/rtl/synchronizer_asr_dup.v,https://github.com/PrincetonUniversity/openpiton.git,1c6bfd2d2ea53ddd7b6f933fa2d439d1a540e207,openpiton,B,INT-05,INT-05,shift,P0,asr,12,not_run,discovery_candidate
CAND-0187,openpiton,tlu_addern_32,piton/design/chip/tile/sparc/tlu/rtl/tlu_addern_32.v,https://github.com/PrincetonUniversity/openpiton.git,1c6bfd2d2ea53ddd7b6f933fa2d439d1a540e207,openpiton,B,INT-01,INT-01,add_sub,P0,adder,12,not_run,discovery_candidate
CAND-0188,openpiton,uart_mux,piton/design/chipset/io_ctrl/rtl/uart_mux.v,https://github.com/PrincetonUniversity/openpiton.git,1c6bfd2d2ea53ddd7b6f933fa2d439d1a540e207,openpiton,B,DF-04,DF-04,mux,P0,mux,12,not_run,discovery_candidate
CAND-0189,openpiton,zmuxi31d_prim,piton/design/chip/tile/common/rtl/u1.beh.v,https://github.com/PrincetonUniversity/openpiton.git,1c6bfd2d2ea53ddd7b6f933fa2d439d1a540e207,openpiton,B,DF-04,DF-04,mux,P0,mux,12,not_run,discovery_candidate
CAND-0190,openpiton,zmuxi41d_prim,piton/design/chip/tile/common/rtl/u1.beh.v,https://github.com/PrincetonUniversity/openpiton.git,1c6bfd2d2ea53ddd7b6f933fa2d439d1a540e207,openpiton,B,DF-04,DF-04,mux,P0,mux,12,not_run,discovery_candidate
CAND-0191,openpiton,zsoffasr_prim,piton/design/chip/tile/common/rtl/u1.beh.v,https://github.com/PrincetonUniversity/openpiton.git,1c6bfd2d2ea53ddd7b6f933fa2d439d1a540e207,openpiton,B,INT-05,INT-05,shift,P0,asr,12,not_run,discovery_candidate
CAND-0192,opentitan,prim_onehot_mux,hw/ip/prim/rtl/prim_onehot_mux.sv,https://github.com/lowRISC/opentitan.git,b16f2be75d2f38c62d861208453ed5b81ccf41b0,master,A,DF-04,DF-04,mux,P0,mux,12,not_run,discovery_candidate
CAND-0193,opentitan,prim_secded_22_16_dec,hw/ip/prim/rtl/prim_secded_22_16_dec.sv,https://github.com/lowRISC/opentitan.git,b16f2be75d2f38c62d861208453ed5b81ccf41b0,master,A,MEM-10,MEM-10,ecc_encode_decode_wrapper,P1,secded,12,not_run,discovery_candidate
CAND-0194,opentitan,prim_secded_22_16_enc,hw/ip/prim/rtl/prim_secded_22_16_enc.sv,https://github.com/lowRISC/opentitan.git,b16f2be75d2f38c62d861208453ed5b81ccf41b0,master,A,MEM-10,MEM-10,ecc_encode_decode_wrapper,P1,secded,12,not_run,discovery_candidate
CAND-0195,opentitan,prim_secded_28_22_dec,hw/ip/prim/rtl/prim_secded_28_22_dec.sv,https://github.com/lowRISC/opentitan.git,b16f2be75d2f38c62d861208453ed5b81ccf41b0,master,A,MEM-10,MEM-10,ecc_encode_decode_wrapper,P1,secded,12,not_run,discovery_candidate
CAND-0196,opentitan,prim_secded_28_22_enc,hw/ip/prim/rtl/prim_secded_28_22_enc.sv,https://github.com/lowRISC/opentitan.git,b16f2be75d2f38c62d861208453ed5b81ccf41b0,master,A,MEM-10,MEM-10,ecc_encode_decode_wrapper,P1,secded,12,not_run,discovery_candidate
CAND-0197,opentitan,prim_secded_39_32_dec,hw/ip/prim/rtl/prim_secded_39_32_dec.sv,https://github.com/lowRISC/opentitan.git,b16f2be75d2f38c62d861208453ed5b81ccf41b0,master,A,MEM-10,MEM-10,ecc_encode_decode_wrapper,P1,secded,12,not_run,discovery_candidate
CAND-0198,opentitan,prim_secded_39_32_enc,hw/ip/prim/rtl/prim_secded_39_32_enc.sv,https://github.com/lowRISC/opentitan.git,b16f2be75d2f38c62d861208453ed5b81ccf41b0,master,A,MEM-10,MEM-10,ecc_encode_decode_wrapper,P1,secded,12,not_run,discovery_candidate
CAND-0199,opentitan,prim_secded_64_57_dec,hw/ip/prim/rtl/prim_secded_64_57_dec.sv,https://github.com/lowRISC/opentitan.git,b16f2be75d2f38c62d861208453ed5b81ccf41b0,master,A,MEM-10,MEM-10,ecc_encode_decode_wrapper,P1,secded,12,not_run,discovery_candidate
CAND-0200,opentitan,prim_secded_64_57_enc,hw/ip/prim/rtl/prim_secded_64_57_enc.sv,https://github.com/lowRISC/opentitan.git,b16f2be75d2f38c62d861208453ed5b81ccf41b0,master,A,MEM-10,MEM-10,ecc_encode_decode_wrapper,P1,secded,12,not_run,discovery_candidate
CAND-0201,opentitan,prim_secded_72_64_dec,hw/ip/prim/rtl/prim_secded_72_64_dec.sv,https://github.com/lowRISC/opentitan.git,b16f2be75d2f38c62d861208453ed5b81ccf41b0,master,A,MEM-10,MEM-10,ecc_encode_decode_wrapper,P1,secded,12,not_run,discovery_candidate
CAND-0202,opentitan,prim_secded_72_64_enc,hw/ip/prim/rtl/prim_secded_72_64_enc.sv,https://github.com/lowRISC/opentitan.git,b16f2be75d2f38c62d861208453ed5b81ccf41b0,master,A,MEM-10,MEM-10,ecc_encode_decode_wrapper,P1,secded,12,not_run,discovery_candidate
CAND-0203,opentitan,prim_secded_hamming_22_16_dec,hw/ip/prim/rtl/prim_secded_hamming_22_16_dec.sv,https://github.com/lowRISC/opentitan.git,b16f2be75d2f38c62d861208453ed5b81ccf41b0,master,A,MEM-10,MEM-10,ecc_encode_decode_wrapper,P1,secded,12,not_run,discovery_candidate
CAND-0204,opentitan,prim_secded_hamming_22_16_enc,hw/ip/prim/rtl/prim_secded_hamming_22_16_enc.sv,https://github.com/lowRISC/opentitan.git,b16f2be75d2f38c62d861208453ed5b81ccf41b0,master,A,MEM-10,MEM-10,ecc_encode_decode_wrapper,P1,secded,12,not_run,discovery_candidate
CAND-0205,opentitan,prim_secded_hamming_39_32_dec,hw/ip/prim/rtl/prim_secded_hamming_39_32_dec.sv,https://github.com/lowRISC/opentitan.git,b16f2be75d2f38c62d861208453ed5b81ccf41b0,master,A,MEM-10,MEM-10,ecc_encode_decode_wrapper,P1,secded,12,not_run,discovery_candidate
CAND-0206,opentitan,prim_secded_hamming_39_32_enc,hw/ip/prim/rtl/prim_secded_hamming_39_32_enc.sv,https://github.com/lowRISC/opentitan.git,b16f2be75d2f38c62d861208453ed5b81ccf41b0,master,A,MEM-10,MEM-10,ecc_encode_decode_wrapper,P1,secded,12,not_run,discovery_candidate
CAND-0207,opentitan,prim_secded_hamming_72_64_dec,hw/ip/prim/rtl/prim_secded_hamming_72_64_dec.sv,https://github.com/lowRISC/opentitan.git,b16f2be75d2f38c62d861208453ed5b81ccf41b0,master,A,MEM-10,MEM-10,ecc_encode_decode_wrapper,P1,secded,12,not_run,discovery_candidate
CAND-0208,opentitan,prim_secded_hamming_72_64_enc,hw/ip/prim/rtl/prim_secded_hamming_72_64_enc.sv,https://github.com/lowRISC/opentitan.git,b16f2be75d2f38c62d861208453ed5b81ccf41b0,master,A,MEM-10,MEM-10,ecc_encode_decode_wrapper,P1,secded,12,not_run,discovery_candidate
CAND-0209,opentitan,prim_secded_hamming_76_68_dec,hw/ip/prim/rtl/prim_secded_hamming_76_68_dec.sv,https://github.com/lowRISC/opentitan.git,b16f2be75d2f38c62d861208453ed5b81ccf41b0,master,A,MEM-10,MEM-10,ecc_encode_decode_wrapper,P1,secded,12,not_run,discovery_candidate
CAND-0210,opentitan,prim_secded_hamming_76_68_enc,hw/ip/prim/rtl/prim_secded_hamming_76_68_enc.sv,https://github.com/lowRISC/opentitan.git,b16f2be75d2f38c62d861208453ed5b81ccf41b0,master,A,MEM-10,MEM-10,ecc_encode_decode_wrapper,P1,secded,12,not_run,discovery_candidate
CAND-0211,opentitan,prim_secded_inv_22_16_dec,hw/ip/prim/rtl/prim_secded_inv_22_16_dec.sv,https://github.com/lowRISC/opentitan.git,b16f2be75d2f38c62d861208453ed5b81ccf41b0,master,A,MEM-10,MEM-10,ecc_encode_decode_wrapper,P1,secded,12,not_run,discovery_candidate
CAND-0212,opentitan,prim_secded_inv_22_16_enc,hw/ip/prim/rtl/prim_secded_inv_22_16_enc.sv,https://github.com/lowRISC/opentitan.git,b16f2be75d2f38c62d861208453ed5b81ccf41b0,master,A,MEM-10,MEM-10,ecc_encode_decode_wrapper,P1,secded,12,not_run,discovery_candidate
CAND-0213,opentitan,prim_secded_inv_28_22_dec,hw/ip/prim/rtl/prim_secded_inv_28_22_dec.sv,https://github.com/lowRISC/opentitan.git,b16f2be75d2f38c62d861208453ed5b81ccf41b0,master,A,MEM-10,MEM-10,ecc_encode_decode_wrapper,P1,secded,12,not_run,discovery_candidate
CAND-0214,opentitan,prim_secded_inv_28_22_enc,hw/ip/prim/rtl/prim_secded_inv_28_22_enc.sv,https://github.com/lowRISC/opentitan.git,b16f2be75d2f38c62d861208453ed5b81ccf41b0,master,A,MEM-10,MEM-10,ecc_encode_decode_wrapper,P1,secded,12,not_run,discovery_candidate
CAND-0215,opentitan,prim_secded_inv_39_32_dec,hw/ip/prim/rtl/prim_secded_inv_39_32_dec.sv,https://github.com/lowRISC/opentitan.git,b16f2be75d2f38c62d861208453ed5b81ccf41b0,master,A,MEM-10,MEM-10,ecc_encode_decode_wrapper,P1,secded,12,not_run,discovery_candidate
CAND-0216,opentitan,prim_secded_inv_39_32_enc,hw/ip/prim/rtl/prim_secded_inv_39_32_enc.sv,https://github.com/lowRISC/opentitan.git,b16f2be75d2f38c62d861208453ed5b81ccf41b0,master,A,MEM-10,MEM-10,ecc_encode_decode_wrapper,P1,secded,12,not_run,discovery_candidate
CAND-0217,opentitan,prim_secded_inv_64_57_dec,hw/ip/prim/rtl/prim_secded_inv_64_57_dec.sv,https://github.com/lowRISC/opentitan.git,b16f2be75d2f38c62d861208453ed5b81ccf41b0,master,A,MEM-10,MEM-10,ecc_encode_decode_wrapper,P1,secded,12,not_run,discovery_candidate
CAND-0218,opentitan,prim_secded_inv_64_57_enc,hw/ip/prim/rtl/prim_secded_inv_64_57_enc.sv,https://github.com/lowRISC/opentitan.git,b16f2be75d2f38c62d861208453ed5b81ccf41b0,master,A,MEM-10,MEM-10,ecc_encode_decode_wrapper,P1,secded,12,not_run,discovery_candidate
CAND-0219,opentitan,prim_secded_inv_72_64_dec,hw/ip/prim/rtl/prim_secded_inv_72_64_dec.sv,https://github.com/lowRISC/opentitan.git,b16f2be75d2f38c62d861208453ed5b81ccf41b0,master,A,MEM-10,MEM-10,ecc_encode_decode_wrapper,P1,secded,12,not_run,discovery_candidate
CAND-0220,opentitan,prim_secded_inv_72_64_enc,hw/ip/prim/rtl/prim_secded_inv_72_64_enc.sv,https://github.com/lowRISC/opentitan.git,b16f2be75d2f38c62d861208453ed5b81ccf41b0,master,A,MEM-10,MEM-10,ecc_encode_decode_wrapper,P1,secded,12,not_run,discovery_candidate
CAND-0221,opentitan,prim_secded_inv_hamming_22_16_dec,hw/ip/prim/rtl/prim_secded_inv_hamming_22_16_dec.sv,https://github.com/lowRISC/opentitan.git,b16f2be75d2f38c62d861208453ed5b81ccf41b0,master,A,MEM-10,MEM-10,ecc_encode_decode_wrapper,P1,secded,12,not_run,discovery_candidate
CAND-0222,opentitan,prim_secded_inv_hamming_22_16_enc,hw/ip/prim/rtl/prim_secded_inv_hamming_22_16_enc.sv,https://github.com/lowRISC/opentitan.git,b16f2be75d2f38c62d861208453ed5b81ccf41b0,master,A,MEM-10,MEM-10,ecc_encode_decode_wrapper,P1,secded,12,not_run,discovery_candidate
CAND-0223,opentitan,prim_secded_inv_hamming_39_32_dec,hw/ip/prim/rtl/prim_secded_inv_hamming_39_32_dec.sv,https://github.com/lowRISC/opentitan.git,b16f2be75d2f38c62d861208453ed5b81ccf41b0,master,A,MEM-10,MEM-10,ecc_encode_decode_wrapper,P1,secded,12,not_run,discovery_candidate
CAND-0224,opentitan,prim_secded_inv_hamming_39_32_enc,hw/ip/prim/rtl/prim_secded_inv_hamming_39_32_enc.sv,https://github.com/lowRISC/opentitan.git,b16f2be75d2f38c62d861208453ed5b81ccf41b0,master,A,MEM-10,MEM-10,ecc_encode_decode_wrapper,P1,secded,12,not_run,discovery_candidate
CAND-0225,opentitan,prim_secded_inv_hamming_72_64_dec,hw/ip/prim/rtl/prim_secded_inv_hamming_72_64_dec.sv,https://github.com/lowRISC/opentitan.git,b16f2be75d2f38c62d861208453ed5b81ccf41b0,master,A,MEM-10,MEM-10,ecc_encode_decode_wrapper,P1,secded,12,not_run,discovery_candidate
CAND-0226,opentitan,prim_secded_inv_hamming_72_64_enc,hw/ip/prim/rtl/prim_secded_inv_hamming_72_64_enc.sv,https://github.com/lowRISC/opentitan.git,b16f2be75d2f38c62d861208453ed5b81ccf41b0,master,A,MEM-10,MEM-10,ecc_encode_decode_wrapper,P1,secded,12,not_run,discovery_candidate
CAND-0227,opentitan,prim_secded_inv_hamming_76_68_dec,hw/ip/prim/rtl/prim_secded_inv_hamming_76_68_dec.sv,https://github.com/lowRISC/opentitan.git,b16f2be75d2f38c62d861208453ed5b81ccf41b0,master,A,MEM-10,MEM-10,ecc_encode_decode_wrapper,P1,secded,12,not_run,discovery_candidate
CAND-0228,opentitan,prim_secded_inv_hamming_76_68_enc,hw/ip/prim/rtl/prim_secded_inv_hamming_76_68_enc.sv,https://github.com/lowRISC/opentitan.git,b16f2be75d2f38c62d861208453ed5b81ccf41b0,master,A,MEM-10,MEM-10,ecc_encode_decode_wrapper,P1,secded,12,not_run,discovery_candidate
CAND-0229,pulp_axi,axi_burst_splitter,src/axi_burst_splitter.sv,https://github.com/pulp-platform/axi.git,4da15979747f326bde2f9869c64e587ce599772c,master,A,NET-08,NET-08,burst_split_merge_unit,P0,axi burst splitter,20,not_run,discovery_candidate
CAND-0230,pulp_axi,axi_burst_splitter_gran,src/axi_burst_splitter_gran.sv,https://github.com/pulp-platform/axi.git,4da15979747f326bde2f9869c64e587ce599772c,master,A,NET-08,NET-08,burst_split_merge_unit,P0,axi burst splitter,12,not_run,discovery_candidate
CAND-0231,pulp_axi,axi_burst_splitter_gran_ax_chan,src/axi_burst_splitter_gran.sv,https://github.com/pulp-platform/axi.git,4da15979747f326bde2f9869c64e587ce599772c,master,A,NET-08,NET-08,burst_split_merge_unit,P0,axi burst splitter,12,not_run,discovery_candidate
CAND-0232,pulp_axi,axi_burst_splitter_gran_counters,src/axi_burst_splitter_gran.sv,https://github.com/pulp-platform/axi.git,4da15979747f326bde2f9869c64e587ce599772c,master,A,NET-08,NET-08,burst_split_merge_unit,P0,axi burst splitter,12,not_run,discovery_candidate
CAND-0233,pulp_axi,axi_cdc,src/axi_cdc.sv,https://github.com/pulp-platform/axi.git,4da15979747f326bde2f9869c64e587ce599772c,master,A,NET-11,NET-11,axi_bus_cdc_bridge,P1,axi cdc,20,not_run,discovery_candidate
CAND-0234,pulp_axi,axi_cdc_dst,src/axi_cdc_dst.sv,https://github.com/pulp-platform/axi.git,4da15979747f326bde2f9869c64e587ce599772c,master,A,NET-11,NET-11,axi_bus_cdc_bridge,P1,axi cdc,12,not_run,discovery_candidate
CAND-0235,pulp_axi,axi_cdc_dst_intf,src/axi_cdc_dst.sv,https://github.com/pulp-platform/axi.git,4da15979747f326bde2f9869c64e587ce599772c,master,A,NET-11,NET-11,axi_bus_cdc_bridge,P1,axi cdc,12,not_run,discovery_candidate
CAND-0236,pulp_axi,axi_cdc_intf,src/axi_cdc.sv,https://github.com/pulp-platform/axi.git,4da15979747f326bde2f9869c64e587ce599772c,master,A,NET-11,NET-11,axi_bus_cdc_bridge,P1,axi cdc,12,not_run,discovery_candidate
CAND-0237,pulp_axi,axi_cdc_src,src/axi_cdc_src.sv,https://github.com/pulp-platform/axi.git,4da15979747f326bde2f9869c64e587ce599772c,master,A,NET-11,NET-11,axi_bus_cdc_bridge,P1,axi cdc,12,not_run,discovery_candidate
CAND-0238,pulp_axi,axi_cdc_src_intf,src/axi_cdc_src.sv,https://github.com/pulp-platform/axi.git,4da15979747f326bde2f9869c64e587ce599772c,master,A,NET-11,NET-11,axi_bus_cdc_bridge,P1,axi cdc,12,not_run,discovery_candidate
CAND-0239,pulp_axi,axi_demux,src/axi_demux.sv,https://github.com/pulp-platform/axi.git,4da15979747f326bde2f9869c64e587ce599772c,master,A,DF-04,DF-04,mux,P0,mux,12,not_run,discovery_candidate
CAND-0240,pulp_axi,axi_demux_id_counters,src/axi_demux_id_counters.sv,https://github.com/pulp-platform/axi.git,4da15979747f326bde2f9869c64e587ce599772c,master,A,DF-04,DF-04,mux,P0,mux,12,not_run,discovery_candidate
CAND-0241,pulp_axi,axi_demux_intf,src/axi_demux.sv,https://github.com/pulp-platform/axi.git,4da15979747f326bde2f9869c64e587ce599772c,master,A,DF-04,DF-04,mux,P0,mux,12,not_run,discovery_candidate
CAND-0242,pulp_axi,axi_demux_simple,src/axi_demux_simple.sv,https://github.com/pulp-platform/axi.git,4da15979747f326bde2f9869c64e587ce599772c,master,A,DF-04,DF-04,mux,P0,mux,12,not_run,discovery_candidate
CAND-0243,pulp_axi,axi_lite_cdc_dst_intf,src/axi_cdc_dst.sv,https://github.com/pulp-platform/axi.git,4da15979747f326bde2f9869c64e587ce599772c,master,A,NET-11,NET-11,axi_bus_cdc_bridge,P1,axi cdc,8,not_run,discovery_candidate
CAND-0244,pulp_axi,axi_lite_cdc_intf,src/axi_cdc.sv,https://github.com/pulp-platform/axi.git,4da15979747f326bde2f9869c64e587ce599772c,master,A,NET-11,NET-11,axi_bus_cdc_bridge,P1,axi cdc,8,not_run,discovery_candidate
CAND-0245,pulp_axi,axi_lite_cdc_src_intf,src/axi_cdc_src.sv,https://github.com/pulp-platform/axi.git,4da15979747f326bde2f9869c64e587ce599772c,master,A,NET-11,NET-11,axi_bus_cdc_bridge,P1,axi cdc,8,not_run,discovery_candidate
CAND-0246,pulp_axi,axi_lite_demux,src/axi_lite_demux.sv,https://github.com/pulp-platform/axi.git,4da15979747f326bde2f9869c64e587ce599772c,master,A,DF-04,DF-04,mux,P0,mux,12,not_run,discovery_candidate
CAND-0247,pulp_axi,axi_lite_demux_intf,src/axi_lite_demux.sv,https://github.com/pulp-platform/axi.git,4da15979747f326bde2f9869c64e587ce599772c,master,A,DF-04,DF-04,mux,P0,mux,12,not_run,discovery_candidate
CAND-0248,pulp_axi,axi_lite_mux,src/axi_lite_mux.sv,https://github.com/pulp-platform/axi.git,4da15979747f326bde2f9869c64e587ce599772c,master,A,DF-04,DF-04,mux,P0,mux,12,not_run,discovery_candidate
CAND-0249,pulp_axi,axi_lite_mux_intf,src/axi_lite_mux.sv,https://github.com/pulp-platform/axi.git,4da15979747f326bde2f9869c64e587ce599772c,master,A,DF-04,DF-04,mux,P0,mux,12,not_run,discovery_candidate
CAND-0250,pulp_axi,axi_mux,src/axi_mux.sv,https://github.com/pulp-platform/axi.git,4da15979747f326bde2f9869c64e587ce599772c,master,A,DF-04,DF-04,mux,P0,mux,12,not_run,discovery_candidate
CAND-0251,pulp_axi,axi_mux_intf,src/axi_mux.sv,https://github.com/pulp-platform/axi.git,4da15979747f326bde2f9869c64e587ce599772c,master,A,DF-04,DF-04,mux,P0,mux,12,not_run,discovery_candidate
CAND-0252,pulp_axi,axi_xbar_unmuxed,src/axi_xbar_unmuxed.sv,https://github.com/pulp-platform/axi.git,4da15979747f326bde2f9869c64e587ce599772c,master,A,DF-04,DF-04,mux,P0,mux,12,not_run,discovery_candidate
CAND-0253,pulp_axi,axi_xbar_unmuxed_intf,src/axi_xbar_unmuxed.sv,https://github.com/pulp-platform/axi.git,4da15979747f326bde2f9869c64e587ce599772c,master,A,DF-04,DF-04,mux,P0,mux,12,not_run,discovery_candidate
CAND-0254,pulp_common_cells,cc_cdc_fifo_2phase,src/cc_cdc_fifo_2phase.sv,https://github.com/pulp-platform/common_cells.git,db42769334b4589b4b3fc671b34513bdb98be565,master,A,DF-02,DF-02,async_fifo,P0,cdc fifo,12,not_run,discovery_candidate
CAND-0255,pulp_common_cells,cc_cdc_fifo_2phase_dst,src/cc_cdc_fifo_2phase.sv,https://github.com/pulp-platform/common_cells.git,db42769334b4589b4b3fc671b34513bdb98be565,master,A,DF-02,DF-02,async_fifo,P0,cdc fifo,12,not_run,discovery_candidate
CAND-0256,pulp_common_cells,cc_cdc_fifo_2phase_src,src/cc_cdc_fifo_2phase.sv,https://github.com/pulp-platform/common_cells.git,db42769334b4589b4b3fc671b34513bdb98be565,master,A,DF-02,DF-02,async_fifo,P0,cdc fifo,12,not_run,discovery_candidate
CAND-0257,pulp_common_cells,cc_cdc_fifo_gray,src/cc_cdc_fifo_gray.sv,https://github.com/pulp-platform/common_cells.git,db42769334b4589b4b3fc671b34513bdb98be565,master,A,DF-02,DF-02,async_fifo,P0,cdc fifo,12,not_run,discovery_candidate
CAND-0258,pulp_common_cells,cc_cdc_fifo_gray_clearable,src/cc_cdc_fifo_gray_clearable.sv,https://github.com/pulp-platform/common_cells.git,db42769334b4589b4b3fc671b34513bdb98be565,master,A,DF-02,DF-02,async_fifo,P0,cdc fifo,12,not_run,discovery_candidate
CAND-0259,pulp_common_cells,cc_cdc_fifo_gray_clearable_dst,src/cc_cdc_fifo_gray_clearable.sv,https://github.com/pulp-platform/common_cells.git,db42769334b4589b4b3fc671b34513bdb98be565,master,A,DF-02,DF-02,async_fifo,P0,cdc fifo,12,not_run,discovery_candidate
CAND-0260,pulp_common_cells,cc_cdc_fifo_gray_clearable_src,src/cc_cdc_fifo_gray_clearable.sv,https://github.com/pulp-platform/common_cells.git,db42769334b4589b4b3fc671b34513bdb98be565,master,A,DF-02,DF-02,async_fifo,P0,cdc fifo,12,not_run,discovery_candidate
CAND-0261,pulp_common_cells,cc_cdc_fifo_gray_dst,src/cc_cdc_fifo_gray.sv,https://github.com/pulp-platform/common_cells.git,db42769334b4589b4b3fc671b34513bdb98be565,master,A,DF-02,DF-02,async_fifo,P0,cdc fifo,12,not_run,discovery_candidate
CAND-0262,pulp_common_cells,cc_cdc_fifo_gray_dst_clearable,src/cc_cdc_fifo_gray_clearable.sv,https://github.com/pulp-platform/common_cells.git,db42769334b4589b4b3fc671b34513bdb98be565,master,A,DF-02,DF-02,async_fifo,P0,cdc fifo,12,not_run,discovery_candidate
CAND-0263,pulp_common_cells,cc_cdc_fifo_gray_dst_data,src/cc_cdc_fifo_gray.sv,https://github.com/pulp-platform/common_cells.git,db42769334b4589b4b3fc671b34513bdb98be565,master,A,DF-02,DF-02,async_fifo,P0,cdc fifo,12,not_run,discovery_candidate
CAND-0264,pulp_common_cells,cc_cdc_fifo_gray_dst_data_clearable,src/cc_cdc_fifo_gray_clearable.sv,https://github.com/pulp-platform/common_cells.git,db42769334b4589b4b3fc671b34513bdb98be565,master,A,DF-02,DF-02,async_fifo,P0,cdc fifo,12,not_run,discovery_candidate
CAND-0265,pulp_common_cells,cc_cdc_fifo_gray_dst_ptr,src/cc_cdc_fifo_gray.sv,https://github.com/pulp-platform/common_cells.git,db42769334b4589b4b3fc671b34513bdb98be565,master,A,DF-02,DF-02,async_fifo,P0,cdc fifo,12,not_run,discovery_candidate
CAND-0266,pulp_common_cells,cc_cdc_fifo_gray_dst_ptr_clearable,src/cc_cdc_fifo_gray_clearable.sv,https://github.com/pulp-platform/common_cells.git,db42769334b4589b4b3fc671b34513bdb98be565,master,A,DF-02,DF-02,async_fifo,P0,cdc fifo,12,not_run,discovery_candidate
CAND-0267,pulp_common_cells,cc_cdc_fifo_gray_src,src/cc_cdc_fifo_gray.sv,https://github.com/pulp-platform/common_cells.git,db42769334b4589b4b3fc671b34513bdb98be565,master,A,DF-02,DF-02,async_fifo,P0,cdc fifo,12,not_run,discovery_candidate
CAND-0268,pulp_common_cells,cc_cdc_fifo_gray_src_clearable,src/cc_cdc_fifo_gray_clearable.sv,https://github.com/pulp-platform/common_cells.git,db42769334b4589b4b3fc671b34513bdb98be565,master,A,DF-02,DF-02,async_fifo,P0,cdc fifo,12,not_run,discovery_candidate
CAND-0269,pulp_common_cells,cc_cdc_fifo_gray_src_data,src/cc_cdc_fifo_gray.sv,https://github.com/pulp-platform/common_cells.git,db42769334b4589b4b3fc671b34513bdb98be565,master,A,DF-02,DF-02,async_fifo,P0,cdc fifo,12,not_run,discovery_candidate
CAND-0270,pulp_common_cells,cc_cdc_fifo_gray_src_data_clearable,src/cc_cdc_fifo_gray_clearable.sv,https://github.com/pulp-platform/common_cells.git,db42769334b4589b4b3fc671b34513bdb98be565,master,A,DF-02,DF-02,async_fifo,P0,cdc fifo,12,not_run,discovery_candidate
CAND-0271,pulp_common_cells,cc_cdc_fifo_gray_src_ptr,src/cc_cdc_fifo_gray.sv,https://github.com/pulp-platform/common_cells.git,db42769334b4589b4b3fc671b34513bdb98be565,master,A,DF-02,DF-02,async_fifo,P0,cdc fifo,12,not_run,discovery_candidate
CAND-0272,pulp_common_cells,cc_cdc_fifo_gray_src_ptr_clearable,src/cc_cdc_fifo_gray_clearable.sv,https://github.com/pulp-platform/common_cells.git,db42769334b4589b4b3fc671b34513bdb98be565,master,A,DF-02,DF-02,async_fifo,P0,cdc fifo,12,not_run,discovery_candidate
CAND-0273,pulp_common_cells,cc_clk_mux_glitch_free,src/cc_clk_mux_glitch_free.sv,https://github.com/pulp-platform/common_cells.git,db42769334b4589b4b3fc671b34513bdb98be565,master,A,DF-04,DF-04,mux,P0,mux,12,not_run,discovery_candidate
CAND-0274,pulp_common_cells,cc_clk_or_tree,src/cc_clk_mux_glitch_free.sv,https://github.com/pulp-platform/common_cells.git,db42769334b4589b4b3fc671b34513bdb98be565,master,A,DF-04,DF-04,mux,P0,mux,8,not_run,discovery_candidate
CAND-0275,pulp_common_cells,cc_credit_counter,src/cc_credit_counter.sv,https://github.com/pulp-platform/common_cells.git,db42769334b4589b4b3fc671b34513bdb98be565,master,A,DF-19,DF-19;NET-19,credit_based_flow_control;credit_flow_control,P1,credit counter,12,not_run,discovery_candidate
CAND-0276,pulp_common_cells,cc_isochronous_spill_register,src/cc_isochronous_spill_register.sv,https://github.com/pulp-platform/common_cells.git,db42769334b4589b4b3fc671b34513bdb98be565,master,A,DF-06,DF-06,spill_register,P0,spill register,12,not_run,discovery_candidate
CAND-0277,pulp_common_cells,cc_plru_tree,src/cc_plru_tree.sv,https://github.com/pulp-platform/common_cells.git,db42769334b4589b4b3fc671b34513bdb98be565,master,A,MEM-19,MEM-19,replacement_policy_unit,P1,plru,12,not_run,discovery_candidate
CAND-0278,pulp_common_cells,cc_spill_register,src/cc_spill_register.sv,https://github.com/pulp-platform/common_cells.git,db42769334b4589b4b3fc671b34513bdb98be565,master,A,DF-06,DF-06,spill_register,P0,spill register,12,not_run,discovery_candidate
CAND-0279,pulp_common_cells,cc_spill_register_flushable,src/cc_spill_register_flushable.sv,https://github.com/pulp-platform/common_cells.git,db42769334b4589b4b3fc671b34513bdb98be565,master,A,DF-06,DF-06,spill_register,P0,spill register,12,not_run,discovery_candidate
CAND-0280,pulp_common_cells,cc_stream_demux,src/cc_stream_demux.sv,https://github.com/pulp-platform/common_cells.git,db42769334b4589b4b3fc671b34513bdb98be565,master,A,DF-04,DF-04;DF-13,mux;stream_demux,P0,mux;stream demux,12,not_run,discovery_candidate
CAND-0281,pulp_common_cells,cc_stream_fork,src/cc_stream_fork.sv,https://github.com/pulp-platform/common_cells.git,db42769334b4589b4b3fc671b34513bdb98be565,master,A,DF-14,DF-14,stream_fork,P1,stream fork,12,not_run,discovery_candidate
CAND-0282,pulp_common_cells,cc_stream_fork_dynamic,src/cc_stream_fork_dynamic.sv,https://github.com/pulp-platform/common_cells.git,db42769334b4589b4b3fc671b34513bdb98be565,master,A,DF-14,DF-14,stream_fork,P1,stream fork,12,not_run,discovery_candidate
CAND-0283,pulp_common_cells,cc_stream_join,src/cc_stream_join.sv,https://github.com/pulp-platform/common_cells.git,db42769334b4589b4b3fc671b34513bdb98be565,master,A,DF-15,DF-15,stream_join,P1,stream join,12,not_run,discovery_candidate
CAND-0284,pulp_common_cells,cc_stream_join_dynamic,src/cc_stream_join_dynamic.sv,https://github.com/pulp-platform/common_cells.git,db42769334b4589b4b3fc671b34513bdb98be565,master,A,DF-15,DF-15,stream_join,P1,stream join,12,not_run,discovery_candidate
CAND-0285,pulp_common_cells,cc_stream_mux,src/cc_stream_mux.sv,https://github.com/pulp-platform/common_cells.git,db42769334b4589b4b3fc671b34513bdb98be565,master,A,DF-04,DF-04;DF-12,mux;stream_mux,P0,mux;stream mux,12,not_run,discovery_candidate
CAND-0286,pulp_common_cells,cdc_fifo_2phase,src/deprecated/cdc_fifo_2phase.sv,https://github.com/pulp-platform/common_cells.git,db42769334b4589b4b3fc671b34513bdb98be565,master,A,DF-02,DF-02,async_fifo,P0,cdc fifo,12,not_run,discovery_candidate
CAND-0287,pulp_common_cells,cdc_fifo_gray,src/deprecated/cdc_fifo_gray.sv,https://github.com/pulp-platform/common_cells.git,db42769334b4589b4b3fc671b34513bdb98be565,master,A,DF-02,DF-02,async_fifo,P0,cdc fifo,12,not_run,discovery_candidate
CAND-0288,pulp_common_cells,cdc_fifo_gray_clearable,src/deprecated/cdc_fifo_gray_clearable.sv,https://github.com/pulp-platform/common_cells.git,db42769334b4589b4b3fc671b34513bdb98be565,master,A,DF-02,DF-02,async_fifo,P0,cdc fifo,12,not_run,discovery_candidate
CAND-0289,pulp_common_cells,cdc_fifo_gray_dst,src/deprecated/cdc_fifo_gray.sv,https://github.com/pulp-platform/common_cells.git,db42769334b4589b4b3fc671b34513bdb98be565,master,A,DF-02,DF-02,async_fifo,P0,cdc fifo,12,not_run,discovery_candidate
CAND-0290,pulp_common_cells,cdc_fifo_gray_dst_clearable,src/deprecated/cdc_fifo_gray_clearable.sv,https://github.com/pulp-platform/common_cells.git,db42769334b4589b4b3fc671b34513bdb98be565,master,A,DF-02,DF-02,async_fifo,P0,cdc fifo,12,not_run,discovery_candidate
CAND-0291,pulp_common_cells,cdc_fifo_gray_src,src/deprecated/cdc_fifo_gray.sv,https://github.com/pulp-platform/common_cells.git,db42769334b4589b4b3fc671b34513bdb98be565,master,A,DF-02,DF-02,async_fifo,P0,cdc fifo,12,not_run,discovery_candidate
CAND-0292,pulp_common_cells,cdc_fifo_gray_src_clearable,src/deprecated/cdc_fifo_gray_clearable.sv,https://github.com/pulp-platform/common_cells.git,db42769334b4589b4b3fc671b34513bdb98be565,master,A,DF-02,DF-02,async_fifo,P0,cdc fifo,12,not_run,discovery_candidate
CAND-0293,pulp_common_cells,clk_mux_glitch_free,src/deprecated/clk_mux_glitch_free.sv,https://github.com/pulp-platform/common_cells.git,db42769334b4589b4b3fc671b34513bdb98be565,master,A,DF-04,DF-04,mux,P0,mux,12,not_run,discovery_candidate
CAND-0294,pulp_common_cells,clk_or_tree,src/deprecated/clk_mux_glitch_free.sv,https://github.com/pulp-platform/common_cells.git,db42769334b4589b4b3fc671b34513bdb98be565,master,A,DF-04,DF-04,mux,P0,mux,8,not_run,discovery_candidate
CAND-0295,pulp_common_cells,credit_counter,src/deprecated/credit_counter.sv,https://github.com/pulp-platform/common_cells.git,db42769334b4589b4b3fc671b34513bdb98be565,master,A,DF-19,DF-19;NET-19,credit_based_flow_control;credit_flow_control,P1,credit counter,20,not_run,discovery_candidate
CAND-0296,pulp_common_cells,isochronous_spill_register,src/deprecated/isochronous_spill_register.sv,https://github.com/pulp-platform/common_cells.git,db42769334b4589b4b3fc671b34513bdb98be565,master,A,DF-06,DF-06,spill_register,P0,spill register,12,not_run,discovery_candidate
CAND-0297,pulp_common_cells,plru_tree,src/deprecated/plru_tree.sv,https://github.com/pulp-platform/common_cells.git,db42769334b4589b4b3fc671b34513bdb98be565,master,A,MEM-19,MEM-19,replacement_policy_unit,P1,plru,12,not_run,discovery_candidate
CAND-0298,pulp_common_cells,spill_register,src/deprecated/spill_register.sv,https://github.com/pulp-platform/common_cells.git,db42769334b4589b4b3fc671b34513bdb98be565,master,A,DF-06,DF-06,spill_register,P0,spill register,20,not_run,discovery_candidate
CAND-0299,pulp_common_cells,spill_register_flushable,src/deprecated/spill_register_flushable.sv,https://github.com/pulp-platform/common_cells.git,db42769334b4589b4b3fc671b34513bdb98be565,master,A,DF-06,DF-06,spill_register,P0,spill register,12,not_run,discovery_candidate
CAND-0300,pulp_common_cells,stream_demux,src/deprecated/stream_demux.sv,https://github.com/pulp-platform/common_cells.git,db42769334b4589b4b3fc671b34513bdb98be565,master,A,DF-13,DF-04;DF-13,mux;stream_demux,P0,mux;stream demux,20,not_run,discovery_candidate
CAND-0301,pulp_common_cells,stream_fork,src/deprecated/stream_fork.sv,https://github.com/pulp-platform/common_cells.git,db42769334b4589b4b3fc671b34513bdb98be565,master,A,DF-14,DF-14,stream_fork,P1,stream fork,20,not_run,discovery_candidate
CAND-0302,pulp_common_cells,stream_fork_dynamic,src/deprecated/stream_fork_dynamic.sv,https://github.com/pulp-platform/common_cells.git,db42769334b4589b4b3fc671b34513bdb98be565,master,A,DF-14,DF-14,stream_fork,P1,stream fork,12,not_run,discovery_candidate
CAND-0303,pulp_common_cells,stream_join,src/deprecated/stream_join.sv,https://github.com/pulp-platform/common_cells.git,db42769334b4589b4b3fc671b34513bdb98be565,master,A,DF-15,DF-15,stream_join,P1,stream join,20,not_run,discovery_candidate
CAND-0304,pulp_common_cells,stream_join_dynamic,src/deprecated/stream_join_dynamic.sv,https://github.com/pulp-platform/common_cells.git,db42769334b4589b4b3fc671b34513bdb98be565,master,A,DF-15,DF-15,stream_join,P1,stream join,12,not_run,discovery_candidate
CAND-0305,pulp_common_cells,stream_mux,src/deprecated/stream_mux.sv,https://github.com/pulp-platform/common_cells.git,db42769334b4589b4b3fc671b34513bdb98be565,master,A,DF-12,DF-04;DF-12,mux;stream_mux,P0,mux;stream mux,20,not_run,discovery_candidate
CAND-0306,riscv_boom,BTBHarness,src/main/resources/vsrc/btb_harness.v,https://github.com/riscv-boom/riscv-boom.git,58ef2720eae13be26b3008c02b5a74ce29c61c44,master,B,CPU-04,CPU-04,btb,P1,btb,12,not_run,discovery_candidate
CAND-0307,serv,serv_aligner,rtl/serv_aligner.v,https://github.com/olofk/serv.git,f200eb2ed7b69ac1c6b8eddd47654522aeee5ce8,main,C,VEC-08,VEC-08,vector_align_slide,P1,aligner,12,not_run,discovery_candidate
CAND-0308,vortex,FullAdder,hw/rtl/libs/VX_csa_32.sv,https://github.com/vortexgpgpu/vortex.git,5d62846c685ae287f9cd3ddd49f4537c40146eae,master,A,INT-01,INT-01,add_sub,P0,adder,12,not_run,discovery_candidate
CAND-0309,vortex,VX_adder4,hw/rtl/afu/firesim/toy/VX_adder4.v,https://github.com/vortexgpgpu/vortex.git,5d62846c685ae287f9cd3ddd49f4537c40146eae,master,A,INT-01,INT-01,add_sub,P0,adder,12,not_run,discovery_candidate
CAND-0310,vortex,VX_afu_axil_demux,hw/rtl/afu/common/VX_afu_axil_demux.sv,https://github.com/vortexgpgpu/vortex.git,5d62846c685ae287f9cd3ddd49f4537c40146eae,master,A,DF-04,DF-04,mux,P0,mux,12,not_run,discovery_candidate
CAND-0311,vortex,VX_amo_alu,hw/rtl/cache/VX_amo_alu.sv,https://github.com/vortexgpgpu/vortex.git,5d62846c685ae287f9cd3ddd49f4537c40146eae,master,A,MEM-26,MEM-26,atomic_memory_order_unit,P1,amo,12,not_run,discovery_candidate
CAND-0312,vortex,VX_amo_unit,hw/rtl/cache/VX_amo_unit.sv,https://github.com/vortexgpgpu/vortex.git,5d62846c685ae287f9cd3ddd49f4537c40146eae,master,A,MEM-26,MEM-26,atomic_memory_order_unit,P1,amo,12,not_run,discovery_candidate
CAND-0313,vortex,VX_async_ram_patch,hw/rtl/libs/VX_async_ram_patch.sv,https://github.com/vortexgpgpu/vortex.git,5d62846c685ae287f9cd3ddd49f4537c40146eae,master,A,MEM-01,MEM-01,1rw_sram_ram,P0,sync ram,12,not_run,discovery_candidate
CAND-0314,vortex,VX_cache_amo,hw/rtl/cache/VX_cache_amo.sv,https://github.com/vortexgpgpu/vortex.git,5d62846c685ae287f9cd3ddd49f4537c40146eae,master,A,MEM-26,MEM-26,atomic_memory_order_unit,P1,amo,12,not_run,discovery_candidate
CAND-0315,vortex,VX_cache_mshr,hw/rtl/cache/VX_cache_mshr.sv,https://github.com/vortexgpgpu/vortex.git,5d62846c685ae287f9cd3ddd49f4537c40146eae,master,A,MEM-16,MEM-16,mshr_miss_tracker,P0,mshr,12,not_run,discovery_candidate
CAND-0316,vortex,VX_cp_unpack,hw/rtl/cp/VX_cp_unpack.sv,https://github.com/vortexgpgpu/vortex.git,5d62846c685ae287f9cd3ddd49f4537c40146eae,master,A,VEC-05,VEC-05,pack_unpack_widen_narrow,P1,unpack,12,not_run,discovery_candidate
CAND-0317,vortex,VX_csr_unit,hw/rtl/core/VX_csr_unit.sv,https://github.com/vortexgpgpu/vortex.git,5d62846c685ae287f9cd3ddd49f4537c40146eae,master,A,CPU-20,CPU-20,csr_privilege_exception_interrupt,P0,csr unit,12,not_run,discovery_candidate
CAND-0318,vortex,VX_demux,hw/rtl/libs/VX_demux.sv,https://github.com/vortexgpgpu/vortex.git,5d62846c685ae287f9cd3ddd49f4537c40146eae,master,A,DF-04,DF-04,mux,P0,mux,12,not_run,discovery_candidate
CAND-0319,vortex,VX_dispatcher,hw/rtl/core/VX_dispatcher.sv,https://github.com/vortexgpgpu/vortex.git,5d62846c685ae287f9cd3ddd49f4537c40146eae,master,A,SYS-02,SYS-02,dispatch_issue_controller,P0,dispatcher,12,not_run,discovery_candidate
CAND-0320,vortex,VX_divider,hw/rtl/libs/VX_divider.sv,https://github.com/vortexgpgpu/vortex.git,5d62846c685ae287f9cd3ddd49f4537c40146eae,master,A,INT-10,INT-10,div_rem,P1,divider,12,not_run,discovery_candidate
CAND-0321,vortex,VX_dxa_watchdog,hw/rtl/dxa/VX_dxa_watchdog.sv,https://github.com/vortexgpgpu/vortex.git,5d62846c685ae287f9cd3ddd49f4537c40146eae,master,A,SYS-10,SYS-10,error_watchdog_timeout_controller,P2,watchdog,12,not_run,discovery_candidate
CAND-0322,vortex,VX_elastic_buffer,hw/rtl/libs/VX_elastic_buffer.sv,https://github.com/vortexgpgpu/vortex.git,5d62846c685ae287f9cd3ddd49f4537c40146eae,master,A,DF-05,DF-05,skid_buffer,P0,elastic buffer,12,not_run,discovery_candidate
CAND-0323,vortex,VX_fanout_buffer,hw/rtl/libs/VX_fanout_buffer.sv,https://github.com/vortexgpgpu/vortex.git,5d62846c685ae287f9cd3ddd49f4537c40146eae,master,A,DF-20,DF-20,broadcast_multicast,P1,fanout,12,not_run,discovery_candidate
CAND-0324,vortex,VX_fma_unit,hw/rtl/fpu/VX_fma_unit.sv,https://github.com/vortexgpgpu/vortex.git,5d62846c685ae287f9cd3ddd49f4537c40146eae,master,A,FP-03,FP-03,fp_fma,P0,fma,12,not_run,discovery_candidate
CAND-0325,vortex,VX_fma_unit_rtl,hw/rtl/fpu/VX_fma_unit_rtl.sv,https://github.com/vortexgpgpu/vortex.git,5d62846c685ae287f9cd3ddd49f4537c40146eae,master,A,FP-03,FP-03,fp_fma,P0,fma,12,not_run,discovery_candidate
CAND-0326,vortex,VX_ks_adder,hw/rtl/libs/VX_ks_adder.sv,https://github.com/vortexgpgpu/vortex.git,5d62846c685ae287f9cd3ddd49f4537c40146eae,master,A,INT-01,INT-01,add_sub,P0,adder,12,not_run,discovery_candidate
CAND-0327,vortex,VX_lsu_adapter,hw/rtl/mem/VX_lsu_adapter.sv,https://github.com/vortexgpgpu/vortex.git,5d62846c685ae287f9cd3ddd49f4537c40146eae,master,A,CPU-14,CPU-14,load_store_unit,P0,lsu,12,not_run,discovery_candidate
CAND-0328,vortex,VX_lsu_agu,hw/rtl/core/VX_lsu_agu.sv,https://github.com/vortexgpgpu/vortex.git,5d62846c685ae287f9cd3ddd49f4537c40146eae,master,A,CPU-14,CPU-14,load_store_unit,P0,lsu,12,not_run,discovery_candidate
CAND-0329,vortex,VX_lsu_mem_arb,hw/rtl/mem/VX_lsu_mem_arb.sv,https://github.com/vortexgpgpu/vortex.git,5d62846c685ae287f9cd3ddd49f4537c40146eae,master,A,CPU-14,CPU-14,load_store_unit,P0,lsu,12,not_run,discovery_candidate
CAND-0330,vortex,VX_lsu_scheduler,hw/rtl/core/VX_lsu_scheduler.sv,https://github.com/vortexgpgpu/vortex.git,5d62846c685ae287f9cd3ddd49f4537c40146eae,master,A,CPU-14,CPU-14,load_store_unit,P0,lsu,12,not_run,discovery_candidate
CAND-0331,vortex,VX_lsu_slice,hw/rtl/core/VX_lsu_slice.sv,https://github.com/vortexgpgpu/vortex.git,5d62846c685ae287f9cd3ddd49f4537c40146eae,master,A,CPU-14,CPU-14,load_store_unit,P0,lsu,12,not_run,discovery_candidate
CAND-0332,vortex,VX_lsu_unit,hw/rtl/core/VX_lsu_unit.sv,https://github.com/vortexgpgpu/vortex.git,5d62846c685ae287f9cd3ddd49f4537c40146eae,master,A,CPU-14,CPU-14,load_store_unit,P0,lsu,12,not_run,discovery_candidate
CAND-0333,vortex,VX_mux,hw/rtl/libs/VX_mux.sv,https://github.com/vortexgpgpu/vortex.git,5d62846c685ae287f9cd3ddd49f4537c40146eae,master,A,DF-04,DF-04,mux,P0,mux,12,not_run,discovery_candidate
CAND-0334,vortex,VX_nz_iterator,hw/rtl/libs/VX_nz_iterator.sv,https://github.com/vortexgpgpu/vortex.git,5d62846c685ae287f9cd3ddd49f4537c40146eae,master,A,CPU-12,CPU-12,register_rename_table,P1,rat,12,not_run,discovery_candidate
CAND-0335,vortex,VX_om_blend_minmax,hw/rtl/om/VX_om_blend_minmax.sv,https://github.com/vortexgpgpu/vortex.git,5d62846c685ae287f9cd3ddd49f4537c40146eae,master,A,INT-04,INT-04,compare_min_max,P0,minmax,12,not_run,discovery_candidate
CAND-0336,vortex,VX_onehot_mux,hw/rtl/libs/VX_onehot_mux.sv,https://github.com/vortexgpgpu/vortex.git,5d62846c685ae287f9cd3ddd49f4537c40146eae,master,A,DF-04,DF-04,mux,P0,mux,12,not_run,discovery_candidate
CAND-0337,vortex,VX_priority_encoder,hw/rtl/libs/VX_priority_encoder.sv,https://github.com/vortexgpgpu/vortex.git,5d62846c685ae287f9cd3ddd49f4537c40146eae,master,A,INT-18,INT-18,priority_encoder_leading_one,P1,priority encoder,12,not_run,discovery_candidate
CAND-0338,vortex,VX_ptw,hw/rtl/vm/VX_ptw.sv,https://github.com/vortexgpgpu/vortex.git,5d62846c685ae287f9cd3ddd49f4537c40146eae,master,A,CPU-19,CPU-19,page_table_walker,P1,ptw,12,not_run,discovery_candidate
CAND-0339,vortex,VX_ptw_cache,hw/rtl/vm/VX_ptw_cache.sv,https://github.com/vortexgpgpu/vortex.git,5d62846c685ae287f9cd3ddd49f4537c40146eae,master,A,CPU-19,CPU-19,page_table_walker,P1,ptw,12,not_run,discovery_candidate
CAND-0340,vortex,VX_ptw_walker,hw/rtl/vm/VX_ptw_walker.sv,https://github.com/vortexgpgpu/vortex.git,5d62846c685ae287f9cd3ddd49f4537c40146eae,master,A,CPU-19,CPU-19,page_table_walker,P1,ptw,12,not_run,discovery_candidate
CAND-0341,vortex,VX_rr_arbiter,hw/rtl/libs/VX_rr_arbiter.sv,https://github.com/vortexgpgpu/vortex.git,5d62846c685ae287f9cd3ddd49f4537c40146eae,master,A,DF-10,DF-10,round_robin_arbiter,P0,rr arbiter,12,not_run,discovery_candidate
CAND-0342,vortex,VX_rtu_fmac3,hw/rtl/rtu/VX_rtu_fmac3.sv,https://github.com/vortexgpgpu/vortex.git,5d62846c685ae287f9cd3ddd49f4537c40146eae,master,A,FP-03,FP-03,fp_fma,P0,fma,12,not_run,discovery_candidate
CAND-0343,vortex,VX_skid_buffer,hw/rtl/libs/VX_skid_buffer.sv,https://github.com/vortexgpgpu/vortex.git,5d62846c685ae287f9cd3ddd49f4537c40146eae,master,A,DF-05,DF-05,skid_buffer,P0,skid buffer,12,not_run,discovery_candidate
CAND-0344,vortex,VX_stream_fork,hw/rtl/libs/VX_stream_fork.sv,https://github.com/vortexgpgpu/vortex.git,5d62846c685ae287f9cd3ddd49f4537c40146eae,master,A,DF-14,DF-14,stream_fork,P1,stream fork,12,not_run,discovery_candidate
CAND-0345,vortex,VX_stream_join,hw/rtl/libs/VX_stream_join.sv,https://github.com/vortexgpgpu/vortex.git,5d62846c685ae287f9cd3ddd49f4537c40146eae,master,A,DF-15,DF-15,stream_join,P1,stream join,12,not_run,discovery_candidate
CAND-0346,vortex,VX_stream_unpack,hw/rtl/libs/VX_stream_unpack.sv,https://github.com/vortexgpgpu/vortex.git,5d62846c685ae287f9cd3ddd49f4537c40146eae,master,A,VEC-05,VEC-05,pack_unpack_widen_narrow,P1,unpack,12,not_run,discovery_candidate
CAND-0347,vortex,VX_tcu_sp_mux,hw/rtl/tcu/VX_tcu_sp_mux.sv,https://github.com/vortexgpgpu/vortex.git,5d62846c685ae287f9cd3ddd49f4537c40146eae,master,A,DF-04,DF-04,mux,P0,mux,12,not_run,discovery_candidate
CAND-0348,vortex,VX_tlb_bus_arb,hw/rtl/vm/VX_tlb_bus_arb.sv,https://github.com/vortexgpgpu/vortex.git,5d62846c685ae287f9cd3ddd49f4537c40146eae,master,A,CPU-18,CPU-18,tlb,P1,tlb,12,not_run,discovery_candidate
CAND-0349,vortex,VX_tlb_cam,hw/rtl/vm/VX_tlb_cam.sv,https://github.com/vortexgpgpu/vortex.git,5d62846c685ae287f9cd3ddd49f4537c40146eae,master,A,CPU-18,CPU-18;MEM-11,cam_tag_cam;tlb,P1,cam;tlb,12,not_run,discovery_candidate
CAND-0350,vortex,VX_tlb_l1,hw/rtl/vm/VX_tlb_l1.sv,https://github.com/vortexgpgpu/vortex.git,5d62846c685ae287f9cd3ddd49f4537c40146eae,master,A,CPU-18,CPU-18,tlb,P1,tlb,12,not_run,discovery_candidate
CAND-0351,vortex,VX_tlb_l2,hw/rtl/vm/VX_tlb_l2.sv,https://github.com/vortexgpgpu/vortex.git,5d62846c685ae287f9cd3ddd49f4537c40146eae,master,A,CPU-18,CPU-18,tlb,P1,tlb,12,not_run,discovery_candidate
CAND-0352,vortex,VX_tlb_mshr,hw/rtl/vm/VX_tlb_mshr.sv,https://github.com/vortexgpgpu/vortex.git,5d62846c685ae287f9cd3ddd49f4537c40146eae,master,A,CPU-18,CPU-18;MEM-16,mshr_miss_tracker;tlb,P0;P1,mshr;tlb,12,not_run,discovery_candidate
CAND-0353,vortex,plru_decoder,hw/rtl/cache/VX_cache_repl.sv,https://github.com/vortexgpgpu/vortex.git,5d62846c685ae287f9cd3ddd49f4537c40146eae,master,A,MEM-19,MEM-19,replacement_policy_unit,P1,plru,12,not_run,discovery_candidate
CAND-0354,vortex,plru_encoder,hw/rtl/cache/VX_cache_repl.sv,https://github.com/vortexgpgpu/vortex.git,5d62846c685ae287f9cd3ddd49f4537c40146eae,master,A,MEM-19,MEM-19,replacement_policy_unit,P1,plru,12,not_run,discovery_candidate
CAND-0355,zipcpu,wbwatchdog,rtl/peripherals/wbwatchdog.v,https://github.com/ZipCPU/zipcpu.git,42606d2d6ef55df313772232977621b2d72f0159,master,B,SYS-10,SYS-10,error_watchdog_timeout_controller,P2,watchdog,12,not_run,discovery_candidate
